bit,total,masked,sdc,crash,not_injected,sdc_rate
0,3,1,2,0,0,0.666667
1,3,0,3,0,0,1.000000
10,3,0,3,0,0,1.000000
11,3,0,3,0,0,1.000000
12,3,0,3,0,0,1.000000
13,3,0,2,1,0,0.666667
14,3,0,3,0,0,1.000000
15,3,0,3,0,0,1.000000
16,3,0,3,0,0,1.000000
17,3,0,3,0,0,1.000000
18,3,0,3,0,0,1.000000
19,3,0,3,0,0,1.000000
2,3,2,1,0,0,0.333333
20,3,0,2,1,0,0.666667
21,3,0,2,1,0,0.666667
22,3,0,3,0,0,1.000000
23,3,0,3,0,0,1.000000
24,3,0,3,0,0,1.000000
25,3,0,3,0,0,1.000000
26,3,0,3,0,0,1.000000
27,3,0,3,0,0,1.000000
28,3,0,3,0,0,1.000000
29,3,0,3,0,0,1.000000
3,3,0,3,0,0,1.000000
30,3,0,3,0,0,1.000000
31,3,0,3,0,0,1.000000
4,3,0,3,0,0,1.000000
5,3,0,3,0,0,1.000000
6,3,0,3,0,0,1.000000
7,3,0,3,0,0,1.000000
8,3,0,3,0,0,1.000000
9,3,0,3,0,0,1.000000
