experiment_id,cell,level,masked,sdc,crash,total,sdc_rate
015_input_bit_gemm,correlated|bit0,L1_1e-7,29,1,0,30,0.033333
015_input_bit_gemm,correlated|bit0,L2_1e-6,29,1,0,30,0.033333
015_input_bit_gemm,correlated|bit0,L3_1e-5,29,1,0,30,0.033333
015_input_bit_gemm,correlated|bit0,L4_1e-4,29,1,0,30,0.033333
015_input_bit_gemm,correlated|bit0,L5_1e-3,29,1,0,30,0.033333
015_input_bit_gemm,correlated|bit1,L1_1e-7,29,1,0,30,0.033333
015_input_bit_gemm,correlated|bit1,L2_1e-6,29,1,0,30,0.033333
015_input_bit_gemm,correlated|bit1,L3_1e-5,29,1,0,30,0.033333
015_input_bit_gemm,correlated|bit1,L4_1e-4,29,1,0,30,0.033333
015_input_bit_gemm,correlated|bit1,L5_1e-3,29,1,0,30,0.033333
015_input_bit_gemm,correlated|bit10,L1_1e-7,0,30,0,30,1.000000
015_input_bit_gemm,correlated|bit10,L2_1e-6,11,19,0,30,0.633333
015_input_bit_gemm,correlated|bit10,L3_1e-5,30,0,0,30,0.000000
015_input_bit_gemm,correlated|bit10,L4_1e-4,30,0,0,30,0.000000
015_input_bit_gemm,correlated|bit10,L5_1e-3,30,0,0,30,0.000000
015_input_bit_gemm,correlated|bit11,L1_1e-7,0,30,0,30,1.000000
015_input_bit_gemm,correlated|bit11,L2_1e-6,0,30,0,30,1.000000
015_input_bit_gemm,correlated|bit11,L3_1e-5,9,21,0,30,0.700000
015_input_bit_gemm,correlated|bit11,L4_1e-4,27,3,0,30,0.100000
015_input_bit_gemm,correlated|bit11,L5_1e-3,27,3,0,30,0.100000
015_input_bit_gemm,correlated|bit12,L1_1e-7,0,30,0,30,1.000000
015_input_bit_gemm,correlated|bit12,L2_1e-6,0,30,0,30,1.000000
015_input_bit_gemm,correlated|bit12,L3_1e-5,1,29,0,30,0.966667
015_input_bit_gemm,correlated|bit12,L4_1e-4,27,3,0,30,0.100000
015_input_bit_gemm,correlated|bit12,L5_1e-3,27,3,0,30,0.100000
015_input_bit_gemm,correlated|bit13,L1_1e-7,0,28,2,30,0.933333
015_input_bit_gemm,correlated|bit13,L2_1e-6,0,28,2,30,0.933333
015_input_bit_gemm,correlated|bit13,L3_1e-5,0,28,2,30,0.933333
015_input_bit_gemm,correlated|bit13,L4_1e-4,28,0,2,30,0.000000
015_input_bit_gemm,correlated|bit13,L5_1e-3,28,0,2,30,0.000000
015_input_bit_gemm,correlated|bit14,L1_1e-7,0,29,1,30,0.966667
015_input_bit_gemm,correlated|bit14,L2_1e-6,1,28,1,30,0.933333
015_input_bit_gemm,correlated|bit14,L3_1e-5,12,17,1,30,0.566667
015_input_bit_gemm,correlated|bit14,L4_1e-4,27,2,1,30,0.066667
015_input_bit_gemm,correlated|bit14,L5_1e-3,29,0,1,30,0.000000
015_input_bit_gemm,correlated|bit15,L1_1e-7,0,30,0,30,1.000000
015_input_bit_gemm,correlated|bit15,L2_1e-6,0,30,0,30,1.000000
015_input_bit_gemm,correlated|bit15,L3_1e-5,0,30,0,30,1.000000
015_input_bit_gemm,correlated|bit15,L4_1e-4,11,19,0,30,0.633333
015_input_bit_gemm,correlated|bit15,L5_1e-3,30,0,0,30,0.000000
015_input_bit_gemm,correlated|bit16,L1_1e-7,0,27,3,30,0.900000
015_input_bit_gemm,correlated|bit16,L2_1e-6,0,27,3,30,0.900000
015_input_bit_gemm,correlated|bit16,L3_1e-5,0,27,3,30,0.900000
015_input_bit_gemm,correlated|bit16,L4_1e-4,15,12,3,30,0.400000
015_input_bit_gemm,correlated|bit16,L5_1e-3,27,0,3,30,0.000000
015_input_bit_gemm,correlated|bit17,L1_1e-7,0,28,2,30,0.933333
015_input_bit_gemm,correlated|bit17,L2_1e-6,0,28,2,30,0.933333
015_input_bit_gemm,correlated|bit17,L3_1e-5,0,28,2,30,0.933333
015_input_bit_gemm,correlated|bit17,L4_1e-4,4,24,2,30,0.800000
015_input_bit_gemm,correlated|bit17,L5_1e-3,25,3,2,30,0.100000
015_input_bit_gemm,correlated|bit18,L1_1e-7,0,30,0,30,1.000000
015_input_bit_gemm,correlated|bit18,L2_1e-6,0,30,0,30,1.000000
015_input_bit_gemm,correlated|bit18,L3_1e-5,0,30,0,30,1.000000
015_input_bit_gemm,correlated|bit18,L4_1e-4,4,26,0,30,0.866667
015_input_bit_gemm,correlated|bit18,L5_1e-3,19,11,0,30,0.366667
015_input_bit_gemm,correlated|bit19,L1_1e-7,0,28,2,30,0.933333
015_input_bit_gemm,correlated|bit19,L2_1e-6,0,28,2,30,0.933333
015_input_bit_gemm,correlated|bit19,L3_1e-5,0,28,2,30,0.933333
015_input_bit_gemm,correlated|bit19,L4_1e-4,0,28,2,30,0.933333
015_input_bit_gemm,correlated|bit19,L5_1e-3,13,15,2,30,0.500000
015_input_bit_gemm,correlated|bit2,L1_1e-7,29,1,0,30,0.033333
015_input_bit_gemm,correlated|bit2,L2_1e-6,29,1,0,30,0.033333
015_input_bit_gemm,correlated|bit2,L3_1e-5,29,1,0,30,0.033333
015_input_bit_gemm,correlated|bit2,L4_1e-4,29,1,0,30,0.033333
015_input_bit_gemm,correlated|bit2,L5_1e-3,29,1,0,30,0.033333
015_input_bit_gemm,correlated|bit20,L1_1e-7,0,27,3,30,0.900000
015_input_bit_gemm,correlated|bit20,L2_1e-6,0,27,3,30,0.900000
015_input_bit_gemm,correlated|bit20,L3_1e-5,0,27,3,30,0.900000
015_input_bit_gemm,correlated|bit20,L4_1e-4,0,27,3,30,0.900000
015_input_bit_gemm,correlated|bit20,L5_1e-3,0,27,3,30,0.900000
015_input_bit_gemm,correlated|bit21,L1_1e-7,0,30,0,30,1.000000
015_input_bit_gemm,correlated|bit21,L2_1e-6,0,30,0,30,1.000000
015_input_bit_gemm,correlated|bit21,L3_1e-5,0,30,0,30,1.000000
015_input_bit_gemm,correlated|bit21,L4_1e-4,0,30,0,30,1.000000
015_input_bit_gemm,correlated|bit21,L5_1e-3,0,30,0,30,1.000000
015_input_bit_gemm,correlated|bit22,L1_1e-7,0,29,1,30,0.966667
015_input_bit_gemm,correlated|bit22,L2_1e-6,0,29,1,30,0.966667
015_input_bit_gemm,correlated|bit22,L3_1e-5,0,29,1,30,0.966667
015_input_bit_gemm,correlated|bit22,L4_1e-4,0,29,1,30,0.966667
015_input_bit_gemm,correlated|bit22,L5_1e-3,0,29,1,30,0.966667
015_input_bit_gemm,correlated|bit23,L1_1e-7,0,29,1,30,0.966667
015_input_bit_gemm,correlated|bit23,L2_1e-6,0,29,1,30,0.966667
015_input_bit_gemm,correlated|bit23,L3_1e-5,0,29,1,30,0.966667
015_input_bit_gemm,correlated|bit23,L4_1e-4,0,29,1,30,0.966667
015_input_bit_gemm,correlated|bit23,L5_1e-3,0,29,1,30,0.966667
015_input_bit_gemm,correlated|bit24,L1_1e-7,0,25,5,30,0.833333
015_input_bit_gemm,correlated|bit24,L2_1e-6,0,25,5,30,0.833333
015_input_bit_gemm,correlated|bit24,L3_1e-5,0,25,5,30,0.833333
015_input_bit_gemm,correlated|bit24,L4_1e-4,0,25,5,30,0.833333
015_input_bit_gemm,correlated|bit24,L5_1e-3,0,25,5,30,0.833333
015_input_bit_gemm,correlated|bit25,L1_1e-7,0,27,3,30,0.900000
015_input_bit_gemm,correlated|bit25,L2_1e-6,0,27,3,30,0.900000
015_input_bit_gemm,correlated|bit25,L3_1e-5,0,27,3,30,0.900000
015_input_bit_gemm,correlated|bit25,L4_1e-4,0,27,3,30,0.900000
015_input_bit_gemm,correlated|bit25,L5_1e-3,2,25,3,30,0.833333
015_input_bit_gemm,correlated|bit26,L1_1e-7,0,29,1,30,0.966667
015_input_bit_gemm,correlated|bit26,L2_1e-6,0,29,1,30,0.966667
015_input_bit_gemm,correlated|bit26,L3_1e-5,0,29,1,30,0.966667
015_input_bit_gemm,correlated|bit26,L4_1e-4,0,29,1,30,0.966667
015_input_bit_gemm,correlated|bit26,L5_1e-3,0,29,1,30,0.966667
015_input_bit_gemm,correlated|bit27,L1_1e-7,0,27,3,30,0.900000
015_input_bit_gemm,correlated|bit27,L2_1e-6,0,27,3,30,0.900000
015_input_bit_gemm,correlated|bit27,L3_1e-5,0,27,3,30,0.900000
015_input_bit_gemm,correlated|bit27,L4_1e-4,0,27,3,30,0.900000
015_input_bit_gemm,correlated|bit27,L5_1e-3,0,27,3,30,0.900000
015_input_bit_gemm,correlated|bit28,L1_1e-7,0,30,0,30,1.000000
015_input_bit_gemm,correlated|bit28,L2_1e-6,0,30,0,30,1.000000
015_input_bit_gemm,correlated|bit28,L3_1e-5,0,30,0,30,1.000000
015_input_bit_gemm,correlated|bit28,L4_1e-4,0,30,0,30,1.000000
015_input_bit_gemm,correlated|bit28,L5_1e-3,0,30,0,30,1.000000
015_input_bit_gemm,correlated|bit29,L1_1e-7,0,27,3,30,0.900000
015_input_bit_gemm,correlated|bit29,L2_1e-6,0,27,3,30,0.900000
015_input_bit_gemm,correlated|bit29,L3_1e-5,0,27,3,30,0.900000
015_input_bit_gemm,correlated|bit29,L4_1e-4,0,27,3,30,0.900000
015_input_bit_gemm,correlated|bit29,L5_1e-3,0,27,3,30,0.900000
015_input_bit_gemm,correlated|bit3,L1_1e-7,30,0,0,30,0.000000
015_input_bit_gemm,correlated|bit3,L2_1e-6,30,0,0,30,0.000000
015_input_bit_gemm,correlated|bit3,L3_1e-5,30,0,0,30,0.000000
015_input_bit_gemm,correlated|bit3,L4_1e-4,30,0,0,30,0.000000
015_input_bit_gemm,correlated|bit3,L5_1e-3,30,0,0,30,0.000000
015_input_bit_gemm,correlated|bit30,L1_1e-7,0,25,5,30,0.833333
015_input_bit_gemm,correlated|bit30,L2_1e-6,0,25,5,30,0.833333
015_input_bit_gemm,correlated|bit30,L3_1e-5,0,25,5,30,0.833333
015_input_bit_gemm,correlated|bit30,L4_1e-4,0,25,5,30,0.833333
015_input_bit_gemm,correlated|bit30,L5_1e-3,0,25,5,30,0.833333
015_input_bit_gemm,correlated|bit31,L1_1e-7,0,27,3,30,0.900000
015_input_bit_gemm,correlated|bit31,L2_1e-6,0,27,3,30,0.900000
015_input_bit_gemm,correlated|bit31,L3_1e-5,0,27,3,30,0.900000
015_input_bit_gemm,correlated|bit31,L4_1e-4,0,27,3,30,0.900000
015_input_bit_gemm,correlated|bit31,L5_1e-3,0,27,3,30,0.900000
015_input_bit_gemm,correlated|bit4,L1_1e-7,21,9,0,30,0.300000
015_input_bit_gemm,correlated|bit4,L2_1e-6,30,0,0,30,0.000000
015_input_bit_gemm,correlated|bit4,L3_1e-5,30,0,0,30,0.000000
015_input_bit_gemm,correlated|bit4,L4_1e-4,30,0,0,30,0.000000
015_input_bit_gemm,correlated|bit4,L5_1e-3,30,0,0,30,0.000000
015_input_bit_gemm,correlated|bit5,L1_1e-7,2,28,0,30,0.933333
015_input_bit_gemm,correlated|bit5,L2_1e-6,29,1,0,30,0.033333
015_input_bit_gemm,correlated|bit5,L3_1e-5,29,1,0,30,0.033333
015_input_bit_gemm,correlated|bit5,L4_1e-4,29,1,0,30,0.033333
015_input_bit_gemm,correlated|bit5,L5_1e-3,29,1,0,30,0.033333
015_input_bit_gemm,correlated|bit6,L1_1e-7,15,15,0,30,0.500000
015_input_bit_gemm,correlated|bit6,L2_1e-6,29,1,0,30,0.033333
015_input_bit_gemm,correlated|bit6,L3_1e-5,29,1,0,30,0.033333
015_input_bit_gemm,correlated|bit6,L4_1e-4,29,1,0,30,0.033333
015_input_bit_gemm,correlated|bit6,L5_1e-3,29,1,0,30,0.033333
015_input_bit_gemm,correlated|bit7,L1_1e-7,12,18,0,30,0.600000
015_input_bit_gemm,correlated|bit7,L2_1e-6,24,6,0,30,0.200000
015_input_bit_gemm,correlated|bit7,L3_1e-5,28,2,0,30,0.066667
015_input_bit_gemm,correlated|bit7,L4_1e-4,28,2,0,30,0.066667
015_input_bit_gemm,correlated|bit7,L5_1e-3,28,2,0,30,0.066667
015_input_bit_gemm,correlated|bit8,L1_1e-7,7,23,0,30,0.766667
015_input_bit_gemm,correlated|bit8,L2_1e-6,22,8,0,30,0.266667
015_input_bit_gemm,correlated|bit8,L3_1e-5,30,0,0,30,0.000000
015_input_bit_gemm,correlated|bit8,L4_1e-4,30,0,0,30,0.000000
015_input_bit_gemm,correlated|bit8,L5_1e-3,30,0,0,30,0.000000
015_input_bit_gemm,correlated|bit9,L1_1e-7,0,30,0,30,1.000000
015_input_bit_gemm,correlated|bit9,L2_1e-6,9,21,0,30,0.700000
015_input_bit_gemm,correlated|bit9,L3_1e-5,29,1,0,30,0.033333
015_input_bit_gemm,correlated|bit9,L4_1e-4,29,1,0,30,0.033333
015_input_bit_gemm,correlated|bit9,L5_1e-3,29,1,0,30,0.033333
015_input_bit_gemm,extreme|bit0,L1_1e-7,0,30,0,30,1.000000
015_input_bit_gemm,extreme|bit0,L2_1e-6,0,30,0,30,1.000000
015_input_bit_gemm,extreme|bit0,L3_1e-5,0,30,0,30,1.000000
015_input_bit_gemm,extreme|bit0,L4_1e-4,0,30,0,30,1.000000
015_input_bit_gemm,extreme|bit0,L5_1e-3,0,30,0,30,1.000000
015_input_bit_gemm,extreme|bit1,L1_1e-7,0,30,0,30,1.000000
015_input_bit_gemm,extreme|bit1,L2_1e-6,0,30,0,30,1.000000
015_input_bit_gemm,extreme|bit1,L3_1e-5,0,30,0,30,1.000000
015_input_bit_gemm,extreme|bit1,L4_1e-4,0,30,0,30,1.000000
015_input_bit_gemm,extreme|bit1,L5_1e-3,0,30,0,30,1.000000
015_input_bit_gemm,extreme|bit10,L1_1e-7,0,30,0,30,1.000000
015_input_bit_gemm,extreme|bit10,L2_1e-6,0,30,0,30,1.000000
015_input_bit_gemm,extreme|bit10,L3_1e-5,0,30,0,30,1.000000
015_input_bit_gemm,extreme|bit10,L4_1e-4,0,30,0,30,1.000000
015_input_bit_gemm,extreme|bit10,L5_1e-3,0,30,0,30,1.000000
015_input_bit_gemm,extreme|bit11,L1_1e-7,0,30,0,30,1.000000
015_input_bit_gemm,extreme|bit11,L2_1e-6,0,30,0,30,1.000000
015_input_bit_gemm,extreme|bit11,L3_1e-5,0,30,0,30,1.000000
015_input_bit_gemm,extreme|bit11,L4_1e-4,0,30,0,30,1.000000
015_input_bit_gemm,extreme|bit11,L5_1e-3,0,30,0,30,1.000000
015_input_bit_gemm,extreme|bit12,L1_1e-7,0,30,0,30,1.000000
015_input_bit_gemm,extreme|bit12,L2_1e-6,0,30,0,30,1.000000
015_input_bit_gemm,extreme|bit12,L3_1e-5,0,30,0,30,1.000000
015_input_bit_gemm,extreme|bit12,L4_1e-4,0,30,0,30,1.000000
015_input_bit_gemm,extreme|bit12,L5_1e-3,0,30,0,30,1.000000
015_input_bit_gemm,extreme|bit13,L1_1e-7,0,28,2,30,0.933333
015_input_bit_gemm,extreme|bit13,L2_1e-6,0,28,2,30,0.933333
015_input_bit_gemm,extreme|bit13,L3_1e-5,0,28,2,30,0.933333
015_input_bit_gemm,extreme|bit13,L4_1e-4,0,28,2,30,0.933333
015_input_bit_gemm,extreme|bit13,L5_1e-3,0,28,2,30,0.933333
015_input_bit_gemm,extreme|bit14,L1_1e-7,0,27,3,30,0.900000
015_input_bit_gemm,extreme|bit14,L2_1e-6,0,27,3,30,0.900000
015_input_bit_gemm,extreme|bit14,L3_1e-5,0,27,3,30,0.900000
015_input_bit_gemm,extreme|bit14,L4_1e-4,0,27,3,30,0.900000
015_input_bit_gemm,extreme|bit14,L5_1e-3,0,27,3,30,0.900000
015_input_bit_gemm,extreme|bit15,L1_1e-7,0,28,2,30,0.933333
015_input_bit_gemm,extreme|bit15,L2_1e-6,0,28,2,30,0.933333
015_input_bit_gemm,extreme|bit15,L3_1e-5,0,28,2,30,0.933333
015_input_bit_gemm,extreme|bit15,L4_1e-4,0,28,2,30,0.933333
015_input_bit_gemm,extreme|bit15,L5_1e-3,0,28,2,30,0.933333
015_input_bit_gemm,extreme|bit16,L1_1e-7,0,27,3,30,0.900000
015_input_bit_gemm,extreme|bit16,L2_1e-6,0,27,3,30,0.900000
015_input_bit_gemm,extreme|bit16,L3_1e-5,0,27,3,30,0.900000
015_input_bit_gemm,extreme|bit16,L4_1e-4,0,27,3,30,0.900000
015_input_bit_gemm,extreme|bit16,L5_1e-3,0,27,3,30,0.900000
015_input_bit_gemm,extreme|bit17,L1_1e-7,0,23,7,30,0.766667
015_input_bit_gemm,extreme|bit17,L2_1e-6,0,23,7,30,0.766667
015_input_bit_gemm,extreme|bit17,L3_1e-5,0,23,7,30,0.766667
015_input_bit_gemm,extreme|bit17,L4_1e-4,0,23,7,30,0.766667
015_input_bit_gemm,extreme|bit17,L5_1e-3,0,23,7,30,0.766667
015_input_bit_gemm,extreme|bit18,L1_1e-7,0,29,1,30,0.966667
015_input_bit_gemm,extreme|bit18,L2_1e-6,0,29,1,30,0.966667
015_input_bit_gemm,extreme|bit18,L3_1e-5,0,29,1,30,0.966667
015_input_bit_gemm,extreme|bit18,L4_1e-4,0,29,1,30,0.966667
015_input_bit_gemm,extreme|bit18,L5_1e-3,0,29,1,30,0.966667
015_input_bit_gemm,extreme|bit19,L1_1e-7,0,25,5,30,0.833333
015_input_bit_gemm,extreme|bit19,L2_1e-6,0,25,5,30,0.833333
015_input_bit_gemm,extreme|bit19,L3_1e-5,0,25,5,30,0.833333
015_input_bit_gemm,extreme|bit19,L4_1e-4,0,25,5,30,0.833333
015_input_bit_gemm,extreme|bit19,L5_1e-3,0,25,5,30,0.833333
015_input_bit_gemm,extreme|bit2,L1_1e-7,0,30,0,30,1.000000
015_input_bit_gemm,extreme|bit2,L2_1e-6,0,30,0,30,1.000000
015_input_bit_gemm,extreme|bit2,L3_1e-5,0,30,0,30,1.000000
015_input_bit_gemm,extreme|bit2,L4_1e-4,0,30,0,30,1.000000
015_input_bit_gemm,extreme|bit2,L5_1e-3,0,30,0,30,1.000000
015_input_bit_gemm,extreme|bit20,L1_1e-7,0,30,0,30,1.000000
015_input_bit_gemm,extreme|bit20,L2_1e-6,0,30,0,30,1.000000
015_input_bit_gemm,extreme|bit20,L3_1e-5,0,30,0,30,1.000000
015_input_bit_gemm,extreme|bit20,L4_1e-4,0,30,0,30,1.000000
015_input_bit_gemm,extreme|bit20,L5_1e-3,0,30,0,30,1.000000
015_input_bit_gemm,extreme|bit21,L1_1e-7,0,30,0,30,1.000000
015_input_bit_gemm,extreme|bit21,L2_1e-6,0,30,0,30,1.000000
015_input_bit_gemm,extreme|bit21,L3_1e-5,0,30,0,30,1.000000
015_input_bit_gemm,extreme|bit21,L4_1e-4,0,30,0,30,1.000000
015_input_bit_gemm,extreme|bit21,L5_1e-3,0,30,0,30,1.000000
015_input_bit_gemm,extreme|bit22,L1_1e-7,0,27,3,30,0.900000
015_input_bit_gemm,extreme|bit22,L2_1e-6,0,27,3,30,0.900000
015_input_bit_gemm,extreme|bit22,L3_1e-5,0,27,3,30,0.900000
015_input_bit_gemm,extreme|bit22,L4_1e-4,0,27,3,30,0.900000
015_input_bit_gemm,extreme|bit22,L5_1e-3,0,27,3,30,0.900000
015_input_bit_gemm,extreme|bit23,L1_1e-7,0,30,0,30,1.000000
015_input_bit_gemm,extreme|bit23,L2_1e-6,0,30,0,30,1.000000
015_input_bit_gemm,extreme|bit23,L3_1e-5,0,30,0,30,1.000000
015_input_bit_gemm,extreme|bit23,L4_1e-4,0,30,0,30,1.000000
015_input_bit_gemm,extreme|bit23,L5_1e-3,0,30,0,30,1.000000
015_input_bit_gemm,extreme|bit24,L1_1e-7,0,27,3,30,0.900000
015_input_bit_gemm,extreme|bit24,L2_1e-6,0,27,3,30,0.900000
015_input_bit_gemm,extreme|bit24,L3_1e-5,0,27,3,30,0.900000
015_input_bit_gemm,extreme|bit24,L4_1e-4,0,27,3,30,0.900000
015_input_bit_gemm,extreme|bit24,L5_1e-3,0,27,3,30,0.900000
015_input_bit_gemm,extreme|bit25,L1_1e-7,0,29,1,30,0.966667
015_input_bit_gemm,extreme|bit25,L2_1e-6,0,29,1,30,0.966667
015_input_bit_gemm,extreme|bit25,L3_1e-5,0,29,1,30,0.966667
015_input_bit_gemm,extreme|bit25,L4_1e-4,0,29,1,30,0.966667
015_input_bit_gemm,extreme|bit25,L5_1e-3,0,29,1,30,0.966667
015_input_bit_gemm,extreme|bit26,L1_1e-7,0,28,2,30,0.933333
015_input_bit_gemm,extreme|bit26,L2_1e-6,0,28,2,30,0.933333
015_input_bit_gemm,extreme|bit26,L3_1e-5,0,28,2,30,0.933333
015_input_bit_gemm,extreme|bit26,L4_1e-4,0,28,2,30,0.933333
015_input_bit_gemm,extreme|bit26,L5_1e-3,0,28,2,30,0.933333
015_input_bit_gemm,extreme|bit27,L1_1e-7,0,30,0,30,1.000000
015_input_bit_gemm,extreme|bit27,L2_1e-6,0,30,0,30,1.000000
015_input_bit_gemm,extreme|bit27,L3_1e-5,0,30,0,30,1.000000
015_input_bit_gemm,extreme|bit27,L4_1e-4,0,30,0,30,1.000000
015_input_bit_gemm,extreme|bit27,L5_1e-3,0,30,0,30,1.000000
015_input_bit_gemm,extreme|bit28,L1_1e-7,0,28,2,30,0.933333
015_input_bit_gemm,extreme|bit28,L2_1e-6,0,28,2,30,0.933333
015_input_bit_gemm,extreme|bit28,L3_1e-5,0,28,2,30,0.933333
015_input_bit_gemm,extreme|bit28,L4_1e-4,0,28,2,30,0.933333
015_input_bit_gemm,extreme|bit28,L5_1e-3,0,28,2,30,0.933333
015_input_bit_gemm,extreme|bit29,L1_1e-7,0,29,1,30,0.966667
015_input_bit_gemm,extreme|bit29,L2_1e-6,0,29,1,30,0.966667
015_input_bit_gemm,extreme|bit29,L3_1e-5,0,29,1,30,0.966667
015_input_bit_gemm,extreme|bit29,L4_1e-4,0,29,1,30,0.966667
015_input_bit_gemm,extreme|bit29,L5_1e-3,0,29,1,30,0.966667
015_input_bit_gemm,extreme|bit3,L1_1e-7,0,30,0,30,1.000000
015_input_bit_gemm,extreme|bit3,L2_1e-6,0,30,0,30,1.000000
015_input_bit_gemm,extreme|bit3,L3_1e-5,0,30,0,30,1.000000
015_input_bit_gemm,extreme|bit3,L4_1e-4,0,30,0,30,1.000000
015_input_bit_gemm,extreme|bit3,L5_1e-3,0,30,0,30,1.000000
015_input_bit_gemm,extreme|bit30,L1_1e-7,0,28,2,30,0.933333
015_input_bit_gemm,extreme|bit30,L2_1e-6,0,28,2,30,0.933333
015_input_bit_gemm,extreme|bit30,L3_1e-5,0,28,2,30,0.933333
015_input_bit_gemm,extreme|bit30,L4_1e-4,0,28,2,30,0.933333
015_input_bit_gemm,extreme|bit30,L5_1e-3,0,28,2,30,0.933333
015_input_bit_gemm,extreme|bit31,L1_1e-7,0,29,1,30,0.966667
015_input_bit_gemm,extreme|bit31,L2_1e-6,0,29,1,30,0.966667
015_input_bit_gemm,extreme|bit31,L3_1e-5,0,29,1,30,0.966667
015_input_bit_gemm,extreme|bit31,L4_1e-4,0,29,1,30,0.966667
015_input_bit_gemm,extreme|bit31,L5_1e-3,0,29,1,30,0.966667
015_input_bit_gemm,extreme|bit4,L1_1e-7,0,30,0,30,1.000000
015_input_bit_gemm,extreme|bit4,L2_1e-6,0,30,0,30,1.000000
015_input_bit_gemm,extreme|bit4,L3_1e-5,0,30,0,30,1.000000
015_input_bit_gemm,extreme|bit4,L4_1e-4,0,30,0,30,1.000000
015_input_bit_gemm,extreme|bit4,L5_1e-3,0,30,0,30,1.000000
015_input_bit_gemm,extreme|bit5,L1_1e-7,0,30,0,30,1.000000
015_input_bit_gemm,extreme|bit5,L2_1e-6,0,30,0,30,1.000000
015_input_bit_gemm,extreme|bit5,L3_1e-5,0,30,0,30,1.000000
015_input_bit_gemm,extreme|bit5,L4_1e-4,0,30,0,30,1.000000
015_input_bit_gemm,extreme|bit5,L5_1e-3,0,30,0,30,1.000000
015_input_bit_gemm,extreme|bit6,L1_1e-7,0,30,0,30,1.000000
015_input_bit_gemm,extreme|bit6,L2_1e-6,0,30,0,30,1.000000
015_input_bit_gemm,extreme|bit6,L3_1e-5,0,30,0,30,1.000000
015_input_bit_gemm,extreme|bit6,L4_1e-4,0,30,0,30,1.000000
015_input_bit_gemm,extreme|bit6,L5_1e-3,0,30,0,30,1.000000
015_input_bit_gemm,extreme|bit7,L1_1e-7,0,30,0,30,1.000000
015_input_bit_gemm,extreme|bit7,L2_1e-6,0,30,0,30,1.000000
015_input_bit_gemm,extreme|bit7,L3_1e-5,0,30,0,30,1.000000
015_input_bit_gemm,extreme|bit7,L4_1e-4,0,30,0,30,1.000000
015_input_bit_gemm,extreme|bit7,L5_1e-3,0,30,0,30,1.000000
015_input_bit_gemm,extreme|bit8,L1_1e-7,0,30,0,30,1.000000
015_input_bit_gemm,extreme|bit8,L2_1e-6,0,30,0,30,1.000000
015_input_bit_gemm,extreme|bit8,L3_1e-5,0,30,0,30,1.000000
015_input_bit_gemm,extreme|bit8,L4_1e-4,0,30,0,30,1.000000
015_input_bit_gemm,extreme|bit8,L5_1e-3,0,30,0,30,1.000000
015_input_bit_gemm,extreme|bit9,L1_1e-7,0,30,0,30,1.000000
015_input_bit_gemm,extreme|bit9,L2_1e-6,0,30,0,30,1.000000
015_input_bit_gemm,extreme|bit9,L3_1e-5,0,30,0,30,1.000000
015_input_bit_gemm,extreme|bit9,L4_1e-4,0,30,0,30,1.000000
015_input_bit_gemm,extreme|bit9,L5_1e-3,0,30,0,30,1.000000
015_input_bit_gemm,near_overflow|bit0,L1_1e-7,0,30,0,30,1.000000
015_input_bit_gemm,near_overflow|bit0,L2_1e-6,0,30,0,30,1.000000
015_input_bit_gemm,near_overflow|bit0,L3_1e-5,0,30,0,30,1.000000
015_input_bit_gemm,near_overflow|bit0,L4_1e-4,0,30,0,30,1.000000
015_input_bit_gemm,near_overflow|bit0,L5_1e-3,0,30,0,30,1.000000
015_input_bit_gemm,near_overflow|bit1,L1_1e-7,0,30,0,30,1.000000
015_input_bit_gemm,near_overflow|bit1,L2_1e-6,0,30,0,30,1.000000
015_input_bit_gemm,near_overflow|bit1,L3_1e-5,0,30,0,30,1.000000
015_input_bit_gemm,near_overflow|bit1,L4_1e-4,0,30,0,30,1.000000
015_input_bit_gemm,near_overflow|bit1,L5_1e-3,0,30,0,30,1.000000
015_input_bit_gemm,near_overflow|bit10,L1_1e-7,0,30,0,30,1.000000
015_input_bit_gemm,near_overflow|bit10,L2_1e-6,0,30,0,30,1.000000
015_input_bit_gemm,near_overflow|bit10,L3_1e-5,0,30,0,30,1.000000
015_input_bit_gemm,near_overflow|bit10,L4_1e-4,0,30,0,30,1.000000
015_input_bit_gemm,near_overflow|bit10,L5_1e-3,0,30,0,30,1.000000
015_input_bit_gemm,near_overflow|bit11,L1_1e-7,0,30,0,30,1.000000
015_input_bit_gemm,near_overflow|bit11,L2_1e-6,0,30,0,30,1.000000
015_input_bit_gemm,near_overflow|bit11,L3_1e-5,0,30,0,30,1.000000
015_input_bit_gemm,near_overflow|bit11,L4_1e-4,0,30,0,30,1.000000
015_input_bit_gemm,near_overflow|bit11,L5_1e-3,0,30,0,30,1.000000
015_input_bit_gemm,near_overflow|bit12,L1_1e-7,0,30,0,30,1.000000
015_input_bit_gemm,near_overflow|bit12,L2_1e-6,0,30,0,30,1.000000
015_input_bit_gemm,near_overflow|bit12,L3_1e-5,0,30,0,30,1.000000
015_input_bit_gemm,near_overflow|bit12,L4_1e-4,0,30,0,30,1.000000
015_input_bit_gemm,near_overflow|bit12,L5_1e-3,0,30,0,30,1.000000
015_input_bit_gemm,near_overflow|bit13,L1_1e-7,0,28,2,30,0.933333
015_input_bit_gemm,near_overflow|bit13,L2_1e-6,0,28,2,30,0.933333
015_input_bit_gemm,near_overflow|bit13,L3_1e-5,0,28,2,30,0.933333
015_input_bit_gemm,near_overflow|bit13,L4_1e-4,0,28,2,30,0.933333
015_input_bit_gemm,near_overflow|bit13,L5_1e-3,0,28,2,30,0.933333
015_input_bit_gemm,near_overflow|bit14,L1_1e-7,0,28,2,30,0.933333
015_input_bit_gemm,near_overflow|bit14,L2_1e-6,0,28,2,30,0.933333
015_input_bit_gemm,near_overflow|bit14,L3_1e-5,0,28,2,30,0.933333
015_input_bit_gemm,near_overflow|bit14,L4_1e-4,0,28,2,30,0.933333
015_input_bit_gemm,near_overflow|bit14,L5_1e-3,0,28,2,30,0.933333
015_input_bit_gemm,near_overflow|bit15,L1_1e-7,0,28,2,30,0.933333
015_input_bit_gemm,near_overflow|bit15,L2_1e-6,0,28,2,30,0.933333
015_input_bit_gemm,near_overflow|bit15,L3_1e-5,0,28,2,30,0.933333
015_input_bit_gemm,near_overflow|bit15,L4_1e-4,0,28,2,30,0.933333
015_input_bit_gemm,near_overflow|bit15,L5_1e-3,0,28,2,30,0.933333
015_input_bit_gemm,near_overflow|bit16,L1_1e-7,0,28,2,30,0.933333
015_input_bit_gemm,near_overflow|bit16,L2_1e-6,0,28,2,30,0.933333
015_input_bit_gemm,near_overflow|bit16,L3_1e-5,0,28,2,30,0.933333
015_input_bit_gemm,near_overflow|bit16,L4_1e-4,0,28,2,30,0.933333
015_input_bit_gemm,near_overflow|bit16,L5_1e-3,0,28,2,30,0.933333
015_input_bit_gemm,near_overflow|bit17,L1_1e-7,0,30,0,30,1.000000
015_input_bit_gemm,near_overflow|bit17,L2_1e-6,0,30,0,30,1.000000
015_input_bit_gemm,near_overflow|bit17,L3_1e-5,0,30,0,30,1.000000
015_input_bit_gemm,near_overflow|bit17,L4_1e-4,0,30,0,30,1.000000
015_input_bit_gemm,near_overflow|bit17,L5_1e-3,0,30,0,30,1.000000
015_input_bit_gemm,near_overflow|bit18,L1_1e-7,0,29,1,30,0.966667
015_input_bit_gemm,near_overflow|bit18,L2_1e-6,0,29,1,30,0.966667
015_input_bit_gemm,near_overflow|bit18,L3_1e-5,0,29,1,30,0.966667
015_input_bit_gemm,near_overflow|bit18,L4_1e-4,0,29,1,30,0.966667
015_input_bit_gemm,near_overflow|bit18,L5_1e-3,0,29,1,30,0.966667
015_input_bit_gemm,near_overflow|bit19,L1_1e-7,0,26,4,30,0.866667
015_input_bit_gemm,near_overflow|bit19,L2_1e-6,0,26,4,30,0.866667
015_input_bit_gemm,near_overflow|bit19,L3_1e-5,0,26,4,30,0.866667
015_input_bit_gemm,near_overflow|bit19,L4_1e-4,0,26,4,30,0.866667
015_input_bit_gemm,near_overflow|bit19,L5_1e-3,0,26,4,30,0.866667
015_input_bit_gemm,near_overflow|bit2,L1_1e-7,0,30,0,30,1.000000
015_input_bit_gemm,near_overflow|bit2,L2_1e-6,0,30,0,30,1.000000
015_input_bit_gemm,near_overflow|bit2,L3_1e-5,0,30,0,30,1.000000
015_input_bit_gemm,near_overflow|bit2,L4_1e-4,0,30,0,30,1.000000
015_input_bit_gemm,near_overflow|bit2,L5_1e-3,0,30,0,30,1.000000
015_input_bit_gemm,near_overflow|bit20,L1_1e-7,0,29,1,30,0.966667
015_input_bit_gemm,near_overflow|bit20,L2_1e-6,0,29,1,30,0.966667
015_input_bit_gemm,near_overflow|bit20,L3_1e-5,0,29,1,30,0.966667
015_input_bit_gemm,near_overflow|bit20,L4_1e-4,0,29,1,30,0.966667
015_input_bit_gemm,near_overflow|bit20,L5_1e-3,0,29,1,30,0.966667
015_input_bit_gemm,near_overflow|bit21,L1_1e-7,0,27,3,30,0.900000
015_input_bit_gemm,near_overflow|bit21,L2_1e-6,0,27,3,30,0.900000
015_input_bit_gemm,near_overflow|bit21,L3_1e-5,0,27,3,30,0.900000
015_input_bit_gemm,near_overflow|bit21,L4_1e-4,0,27,3,30,0.900000
015_input_bit_gemm,near_overflow|bit21,L5_1e-3,0,27,3,30,0.900000
015_input_bit_gemm,near_overflow|bit22,L1_1e-7,0,29,1,30,0.966667
015_input_bit_gemm,near_overflow|bit22,L2_1e-6,0,29,1,30,0.966667
015_input_bit_gemm,near_overflow|bit22,L3_1e-5,0,29,1,30,0.966667
015_input_bit_gemm,near_overflow|bit22,L4_1e-4,0,29,1,30,0.966667
015_input_bit_gemm,near_overflow|bit22,L5_1e-3,0,29,1,30,0.966667
015_input_bit_gemm,near_overflow|bit23,L1_1e-7,0,28,2,30,0.933333
015_input_bit_gemm,near_overflow|bit23,L2_1e-6,0,28,2,30,0.933333
015_input_bit_gemm,near_overflow|bit23,L3_1e-5,0,28,2,30,0.933333
015_input_bit_gemm,near_overflow|bit23,L4_1e-4,0,28,2,30,0.933333
015_input_bit_gemm,near_overflow|bit23,L5_1e-3,0,28,2,30,0.933333
015_input_bit_gemm,near_overflow|bit24,L1_1e-7,0,27,3,30,0.900000
015_input_bit_gemm,near_overflow|bit24,L2_1e-6,0,27,3,30,0.900000
015_input_bit_gemm,near_overflow|bit24,L3_1e-5,0,27,3,30,0.900000
015_input_bit_gemm,near_overflow|bit24,L4_1e-4,0,27,3,30,0.900000
015_input_bit_gemm,near_overflow|bit24,L5_1e-3,0,27,3,30,0.900000
015_input_bit_gemm,near_overflow|bit25,L1_1e-7,0,27,3,30,0.900000
015_input_bit_gemm,near_overflow|bit25,L2_1e-6,0,27,3,30,0.900000
015_input_bit_gemm,near_overflow|bit25,L3_1e-5,0,27,3,30,0.900000
015_input_bit_gemm,near_overflow|bit25,L4_1e-4,0,27,3,30,0.900000
015_input_bit_gemm,near_overflow|bit25,L5_1e-3,0,27,3,30,0.900000
015_input_bit_gemm,near_overflow|bit26,L1_1e-7,0,30,0,30,1.000000
015_input_bit_gemm,near_overflow|bit26,L2_1e-6,0,30,0,30,1.000000
015_input_bit_gemm,near_overflow|bit26,L3_1e-5,0,30,0,30,1.000000
015_input_bit_gemm,near_overflow|bit26,L4_1e-4,0,30,0,30,1.000000
015_input_bit_gemm,near_overflow|bit26,L5_1e-3,0,30,0,30,1.000000
015_input_bit_gemm,near_overflow|bit27,L1_1e-7,0,30,0,30,1.000000
015_input_bit_gemm,near_overflow|bit27,L2_1e-6,0,30,0,30,1.000000
015_input_bit_gemm,near_overflow|bit27,L3_1e-5,0,30,0,30,1.000000
015_input_bit_gemm,near_overflow|bit27,L4_1e-4,0,30,0,30,1.000000
015_input_bit_gemm,near_overflow|bit27,L5_1e-3,0,30,0,30,1.000000
015_input_bit_gemm,near_overflow|bit28,L1_1e-7,0,30,0,30,1.000000
015_input_bit_gemm,near_overflow|bit28,L2_1e-6,0,30,0,30,1.000000
015_input_bit_gemm,near_overflow|bit28,L3_1e-5,0,30,0,30,1.000000
015_input_bit_gemm,near_overflow|bit28,L4_1e-4,0,30,0,30,1.000000
015_input_bit_gemm,near_overflow|bit28,L5_1e-3,0,30,0,30,1.000000
015_input_bit_gemm,near_overflow|bit29,L1_1e-7,0,28,2,30,0.933333
015_input_bit_gemm,near_overflow|bit29,L2_1e-6,0,28,2,30,0.933333
015_input_bit_gemm,near_overflow|bit29,L3_1e-5,0,28,2,30,0.933333
015_input_bit_gemm,near_overflow|bit29,L4_1e-4,0,28,2,30,0.933333
015_input_bit_gemm,near_overflow|bit29,L5_1e-3,0,28,2,30,0.933333
015_input_bit_gemm,near_overflow|bit3,L1_1e-7,0,30,0,30,1.000000
015_input_bit_gemm,near_overflow|bit3,L2_1e-6,0,30,0,30,1.000000
015_input_bit_gemm,near_overflow|bit3,L3_1e-5,0,30,0,30,1.000000
015_input_bit_gemm,near_overflow|bit3,L4_1e-4,0,30,0,30,1.000000
015_input_bit_gemm,near_overflow|bit3,L5_1e-3,0,30,0,30,1.000000
015_input_bit_gemm,near_overflow|bit30,L1_1e-7,0,30,0,30,1.000000
015_input_bit_gemm,near_overflow|bit30,L2_1e-6,0,30,0,30,1.000000
015_input_bit_gemm,near_overflow|bit30,L3_1e-5,0,30,0,30,1.000000
015_input_bit_gemm,near_overflow|bit30,L4_1e-4,0,30,0,30,1.000000
015_input_bit_gemm,near_overflow|bit30,L5_1e-3,0,30,0,30,1.000000
015_input_bit_gemm,near_overflow|bit31,L1_1e-7,0,25,5,30,0.833333
015_input_bit_gemm,near_overflow|bit31,L2_1e-6,0,25,5,30,0.833333
015_input_bit_gemm,near_overflow|bit31,L3_1e-5,0,25,5,30,0.833333
015_input_bit_gemm,near_overflow|bit31,L4_1e-4,0,25,5,30,0.833333
015_input_bit_gemm,near_overflow|bit31,L5_1e-3,0,25,5,30,0.833333
015_input_bit_gemm,near_overflow|bit4,L1_1e-7,0,30,0,30,1.000000
015_input_bit_gemm,near_overflow|bit4,L2_1e-6,0,30,0,30,1.000000
015_input_bit_gemm,near_overflow|bit4,L3_1e-5,0,30,0,30,1.000000
015_input_bit_gemm,near_overflow|bit4,L4_1e-4,0,30,0,30,1.000000
015_input_bit_gemm,near_overflow|bit4,L5_1e-3,0,30,0,30,1.000000
015_input_bit_gemm,near_overflow|bit5,L1_1e-7,0,30,0,30,1.000000
015_input_bit_gemm,near_overflow|bit5,L2_1e-6,0,30,0,30,1.000000
015_input_bit_gemm,near_overflow|bit5,L3_1e-5,0,30,0,30,1.000000
015_input_bit_gemm,near_overflow|bit5,L4_1e-4,0,30,0,30,1.000000
015_input_bit_gemm,near_overflow|bit5,L5_1e-3,0,30,0,30,1.000000
015_input_bit_gemm,near_overflow|bit6,L1_1e-7,0,30,0,30,1.000000
015_input_bit_gemm,near_overflow|bit6,L2_1e-6,0,30,0,30,1.000000
015_input_bit_gemm,near_overflow|bit6,L3_1e-5,0,30,0,30,1.000000
015_input_bit_gemm,near_overflow|bit6,L4_1e-4,0,30,0,30,1.000000
015_input_bit_gemm,near_overflow|bit6,L5_1e-3,0,30,0,30,1.000000
015_input_bit_gemm,near_overflow|bit7,L1_1e-7,0,30,0,30,1.000000
015_input_bit_gemm,near_overflow|bit7,L2_1e-6,0,30,0,30,1.000000
015_input_bit_gemm,near_overflow|bit7,L3_1e-5,0,30,0,30,1.000000
015_input_bit_gemm,near_overflow|bit7,L4_1e-4,0,30,0,30,1.000000
015_input_bit_gemm,near_overflow|bit7,L5_1e-3,0,30,0,30,1.000000
015_input_bit_gemm,near_overflow|bit8,L1_1e-7,0,30,0,30,1.000000
015_input_bit_gemm,near_overflow|bit8,L2_1e-6,0,30,0,30,1.000000
015_input_bit_gemm,near_overflow|bit8,L3_1e-5,0,30,0,30,1.000000
015_input_bit_gemm,near_overflow|bit8,L4_1e-4,0,30,0,30,1.000000
015_input_bit_gemm,near_overflow|bit8,L5_1e-3,0,30,0,30,1.000000
015_input_bit_gemm,near_overflow|bit9,L1_1e-7,0,30,0,30,1.000000
015_input_bit_gemm,near_overflow|bit9,L2_1e-6,0,30,0,30,1.000000
015_input_bit_gemm,near_overflow|bit9,L3_1e-5,0,30,0,30,1.000000
015_input_bit_gemm,near_overflow|bit9,L4_1e-4,0,30,0,30,1.000000
015_input_bit_gemm,near_overflow|bit9,L5_1e-3,0,30,0,30,1.000000
015_input_bit_gemm,near_zero|bit0,L1_1e-7,30,0,0,30,0.000000
015_input_bit_gemm,near_zero|bit0,L2_1e-6,30,0,0,30,0.000000
015_input_bit_gemm,near_zero|bit0,L3_1e-5,30,0,0,30,0.000000
015_input_bit_gemm,near_zero|bit0,L4_1e-4,30,0,0,30,0.000000
015_input_bit_gemm,near_zero|bit0,L5_1e-3,30,0,0,30,0.000000
015_input_bit_gemm,near_zero|bit1,L1_1e-7,30,0,0,30,0.000000
015_input_bit_gemm,near_zero|bit1,L2_1e-6,30,0,0,30,0.000000
015_input_bit_gemm,near_zero|bit1,L3_1e-5,30,0,0,30,0.000000
015_input_bit_gemm,near_zero|bit1,L4_1e-4,30,0,0,30,0.000000
015_input_bit_gemm,near_zero|bit1,L5_1e-3,30,0,0,30,0.000000
015_input_bit_gemm,near_zero|bit10,L1_1e-7,30,0,0,30,0.000000
015_input_bit_gemm,near_zero|bit10,L2_1e-6,30,0,0,30,0.000000
015_input_bit_gemm,near_zero|bit10,L3_1e-5,30,0,0,30,0.000000
015_input_bit_gemm,near_zero|bit10,L4_1e-4,30,0,0,30,0.000000
015_input_bit_gemm,near_zero|bit10,L5_1e-3,30,0,0,30,0.000000
015_input_bit_gemm,near_zero|bit11,L1_1e-7,30,0,0,30,0.000000
015_input_bit_gemm,near_zero|bit11,L2_1e-6,30,0,0,30,0.000000
015_input_bit_gemm,near_zero|bit11,L3_1e-5,30,0,0,30,0.000000
015_input_bit_gemm,near_zero|bit11,L4_1e-4,30,0,0,30,0.000000
015_input_bit_gemm,near_zero|bit11,L5_1e-3,30,0,0,30,0.000000
015_input_bit_gemm,near_zero|bit12,L1_1e-7,30,0,0,30,0.000000
015_input_bit_gemm,near_zero|bit12,L2_1e-6,30,0,0,30,0.000000
015_input_bit_gemm,near_zero|bit12,L3_1e-5,30,0,0,30,0.000000
015_input_bit_gemm,near_zero|bit12,L4_1e-4,30,0,0,30,0.000000
015_input_bit_gemm,near_zero|bit12,L5_1e-3,30,0,0,30,0.000000
015_input_bit_gemm,near_zero|bit13,L1_1e-7,26,0,4,30,0.000000
015_input_bit_gemm,near_zero|bit13,L2_1e-6,26,0,4,30,0.000000
015_input_bit_gemm,near_zero|bit13,L3_1e-5,26,0,4,30,0.000000
015_input_bit_gemm,near_zero|bit13,L4_1e-4,26,0,4,30,0.000000
015_input_bit_gemm,near_zero|bit13,L5_1e-3,26,0,4,30,0.000000
015_input_bit_gemm,near_zero|bit14,L1_1e-7,26,0,4,30,0.000000
015_input_bit_gemm,near_zero|bit14,L2_1e-6,26,0,4,30,0.000000
015_input_bit_gemm,near_zero|bit14,L3_1e-5,26,0,4,30,0.000000
015_input_bit_gemm,near_zero|bit14,L4_1e-4,26,0,4,30,0.000000
015_input_bit_gemm,near_zero|bit14,L5_1e-3,26,0,4,30,0.000000
015_input_bit_gemm,near_zero|bit15,L1_1e-7,28,0,2,30,0.000000
015_input_bit_gemm,near_zero|bit15,L2_1e-6,28,0,2,30,0.000000
015_input_bit_gemm,near_zero|bit15,L3_1e-5,28,0,2,30,0.000000
015_input_bit_gemm,near_zero|bit15,L4_1e-4,28,0,2,30,0.000000
015_input_bit_gemm,near_zero|bit15,L5_1e-3,28,0,2,30,0.000000
015_input_bit_gemm,near_zero|bit16,L1_1e-7,29,0,1,30,0.000000
015_input_bit_gemm,near_zero|bit16,L2_1e-6,29,0,1,30,0.000000
015_input_bit_gemm,near_zero|bit16,L3_1e-5,29,0,1,30,0.000000
015_input_bit_gemm,near_zero|bit16,L4_1e-4,29,0,1,30,0.000000
015_input_bit_gemm,near_zero|bit16,L5_1e-3,29,0,1,30,0.000000
015_input_bit_gemm,near_zero|bit17,L1_1e-7,28,0,2,30,0.000000
015_input_bit_gemm,near_zero|bit17,L2_1e-6,28,0,2,30,0.000000
015_input_bit_gemm,near_zero|bit17,L3_1e-5,28,0,2,30,0.000000
015_input_bit_gemm,near_zero|bit17,L4_1e-4,28,0,2,30,0.000000
015_input_bit_gemm,near_zero|bit17,L5_1e-3,28,0,2,30,0.000000
015_input_bit_gemm,near_zero|bit18,L1_1e-7,29,0,1,30,0.000000
015_input_bit_gemm,near_zero|bit18,L2_1e-6,29,0,1,30,0.000000
015_input_bit_gemm,near_zero|bit18,L3_1e-5,29,0,1,30,0.000000
015_input_bit_gemm,near_zero|bit18,L4_1e-4,29,0,1,30,0.000000
015_input_bit_gemm,near_zero|bit18,L5_1e-3,29,0,1,30,0.000000
015_input_bit_gemm,near_zero|bit19,L1_1e-7,29,0,1,30,0.000000
015_input_bit_gemm,near_zero|bit19,L2_1e-6,29,0,1,30,0.000000
015_input_bit_gemm,near_zero|bit19,L3_1e-5,29,0,1,30,0.000000
015_input_bit_gemm,near_zero|bit19,L4_1e-4,29,0,1,30,0.000000
015_input_bit_gemm,near_zero|bit19,L5_1e-3,29,0,1,30,0.000000
015_input_bit_gemm,near_zero|bit2,L1_1e-7,30,0,0,30,0.000000
015_input_bit_gemm,near_zero|bit2,L2_1e-6,30,0,0,30,0.000000
015_input_bit_gemm,near_zero|bit2,L3_1e-5,30,0,0,30,0.000000
015_input_bit_gemm,near_zero|bit2,L4_1e-4,30,0,0,30,0.000000
015_input_bit_gemm,near_zero|bit2,L5_1e-3,30,0,0,30,0.000000
015_input_bit_gemm,near_zero|bit20,L1_1e-7,27,0,3,30,0.000000
015_input_bit_gemm,near_zero|bit20,L2_1e-6,27,0,3,30,0.000000
015_input_bit_gemm,near_zero|bit20,L3_1e-5,27,0,3,30,0.000000
015_input_bit_gemm,near_zero|bit20,L4_1e-4,27,0,3,30,0.000000
015_input_bit_gemm,near_zero|bit20,L5_1e-3,27,0,3,30,0.000000
015_input_bit_gemm,near_zero|bit21,L1_1e-7,29,0,1,30,0.000000
015_input_bit_gemm,near_zero|bit21,L2_1e-6,29,0,1,30,0.000000
015_input_bit_gemm,near_zero|bit21,L3_1e-5,29,0,1,30,0.000000
015_input_bit_gemm,near_zero|bit21,L4_1e-4,29,0,1,30,0.000000
015_input_bit_gemm,near_zero|bit21,L5_1e-3,29,0,1,30,0.000000
015_input_bit_gemm,near_zero|bit22,L1_1e-7,26,0,4,30,0.000000
015_input_bit_gemm,near_zero|bit22,L2_1e-6,26,0,4,30,0.000000
015_input_bit_gemm,near_zero|bit22,L3_1e-5,26,0,4,30,0.000000
015_input_bit_gemm,near_zero|bit22,L4_1e-4,26,0,4,30,0.000000
015_input_bit_gemm,near_zero|bit22,L5_1e-3,26,0,4,30,0.000000
015_input_bit_gemm,near_zero|bit23,L1_1e-7,26,0,4,30,0.000000
015_input_bit_gemm,near_zero|bit23,L2_1e-6,26,0,4,30,0.000000
015_input_bit_gemm,near_zero|bit23,L3_1e-5,26,0,4,30,0.000000
015_input_bit_gemm,near_zero|bit23,L4_1e-4,26,0,4,30,0.000000
015_input_bit_gemm,near_zero|bit23,L5_1e-3,26,0,4,30,0.000000
015_input_bit_gemm,near_zero|bit24,L1_1e-7,27,0,3,30,0.000000
015_input_bit_gemm,near_zero|bit24,L2_1e-6,27,0,3,30,0.000000
015_input_bit_gemm,near_zero|bit24,L3_1e-5,27,0,3,30,0.000000
015_input_bit_gemm,near_zero|bit24,L4_1e-4,27,0,3,30,0.000000
015_input_bit_gemm,near_zero|bit24,L5_1e-3,27,0,3,30,0.000000
015_input_bit_gemm,near_zero|bit25,L1_1e-7,26,0,4,30,0.000000
015_input_bit_gemm,near_zero|bit25,L2_1e-6,26,0,4,30,0.000000
015_input_bit_gemm,near_zero|bit25,L3_1e-5,26,0,4,30,0.000000
015_input_bit_gemm,near_zero|bit25,L4_1e-4,26,0,4,30,0.000000
015_input_bit_gemm,near_zero|bit25,L5_1e-3,26,0,4,30,0.000000
015_input_bit_gemm,near_zero|bit26,L1_1e-7,29,0,1,30,0.000000
015_input_bit_gemm,near_zero|bit26,L2_1e-6,29,0,1,30,0.000000
015_input_bit_gemm,near_zero|bit26,L3_1e-5,29,0,1,30,0.000000
015_input_bit_gemm,near_zero|bit26,L4_1e-4,29,0,1,30,0.000000
015_input_bit_gemm,near_zero|bit26,L5_1e-3,29,0,1,30,0.000000
015_input_bit_gemm,near_zero|bit27,L1_1e-7,23,0,7,30,0.000000
015_input_bit_gemm,near_zero|bit27,L2_1e-6,23,0,7,30,0.000000
015_input_bit_gemm,near_zero|bit27,L3_1e-5,23,0,7,30,0.000000
015_input_bit_gemm,near_zero|bit27,L4_1e-4,23,0,7,30,0.000000
015_input_bit_gemm,near_zero|bit27,L5_1e-3,23,0,7,30,0.000000
015_input_bit_gemm,near_zero|bit28,L1_1e-7,28,0,2,30,0.000000
015_input_bit_gemm,near_zero|bit28,L2_1e-6,28,0,2,30,0.000000
015_input_bit_gemm,near_zero|bit28,L3_1e-5,28,0,2,30,0.000000
015_input_bit_gemm,near_zero|bit28,L4_1e-4,28,0,2,30,0.000000
015_input_bit_gemm,near_zero|bit28,L5_1e-3,28,0,2,30,0.000000
015_input_bit_gemm,near_zero|bit29,L1_1e-7,29,0,1,30,0.000000
015_input_bit_gemm,near_zero|bit29,L2_1e-6,29,0,1,30,0.000000
015_input_bit_gemm,near_zero|bit29,L3_1e-5,29,0,1,30,0.000000
015_input_bit_gemm,near_zero|bit29,L4_1e-4,29,0,1,30,0.000000
015_input_bit_gemm,near_zero|bit29,L5_1e-3,29,0,1,30,0.000000
015_input_bit_gemm,near_zero|bit3,L1_1e-7,30,0,0,30,0.000000
015_input_bit_gemm,near_zero|bit3,L2_1e-6,30,0,0,30,0.000000
015_input_bit_gemm,near_zero|bit3,L3_1e-5,30,0,0,30,0.000000
015_input_bit_gemm,near_zero|bit3,L4_1e-4,30,0,0,30,0.000000
015_input_bit_gemm,near_zero|bit3,L5_1e-3,30,0,0,30,0.000000
015_input_bit_gemm,near_zero|bit30,L1_1e-7,0,29,1,30,0.966667
015_input_bit_gemm,near_zero|bit30,L2_1e-6,0,29,1,30,0.966667
015_input_bit_gemm,near_zero|bit30,L3_1e-5,0,29,1,30,0.966667
015_input_bit_gemm,near_zero|bit30,L4_1e-4,0,29,1,30,0.966667
015_input_bit_gemm,near_zero|bit30,L5_1e-3,0,29,1,30,0.966667
015_input_bit_gemm,near_zero|bit31,L1_1e-7,28,0,2,30,0.000000
015_input_bit_gemm,near_zero|bit31,L2_1e-6,28,0,2,30,0.000000
015_input_bit_gemm,near_zero|bit31,L3_1e-5,28,0,2,30,0.000000
015_input_bit_gemm,near_zero|bit31,L4_1e-4,28,0,2,30,0.000000
015_input_bit_gemm,near_zero|bit31,L5_1e-3,28,0,2,30,0.000000
015_input_bit_gemm,near_zero|bit4,L1_1e-7,30,0,0,30,0.000000
015_input_bit_gemm,near_zero|bit4,L2_1e-6,30,0,0,30,0.000000
015_input_bit_gemm,near_zero|bit4,L3_1e-5,30,0,0,30,0.000000
015_input_bit_gemm,near_zero|bit4,L4_1e-4,30,0,0,30,0.000000
015_input_bit_gemm,near_zero|bit4,L5_1e-3,30,0,0,30,0.000000
015_input_bit_gemm,near_zero|bit5,L1_1e-7,30,0,0,30,0.000000
015_input_bit_gemm,near_zero|bit5,L2_1e-6,30,0,0,30,0.000000
015_input_bit_gemm,near_zero|bit5,L3_1e-5,30,0,0,30,0.000000
015_input_bit_gemm,near_zero|bit5,L4_1e-4,30,0,0,30,0.000000
015_input_bit_gemm,near_zero|bit5,L5_1e-3,30,0,0,30,0.000000
015_input_bit_gemm,near_zero|bit6,L1_1e-7,30,0,0,30,0.000000
015_input_bit_gemm,near_zero|bit6,L2_1e-6,30,0,0,30,0.000000
015_input_bit_gemm,near_zero|bit6,L3_1e-5,30,0,0,30,0.000000
015_input_bit_gemm,near_zero|bit6,L4_1e-4,30,0,0,30,0.000000
015_input_bit_gemm,near_zero|bit6,L5_1e-3,30,0,0,30,0.000000
015_input_bit_gemm,near_zero|bit7,L1_1e-7,30,0,0,30,0.000000
015_input_bit_gemm,near_zero|bit7,L2_1e-6,30,0,0,30,0.000000
015_input_bit_gemm,near_zero|bit7,L3_1e-5,30,0,0,30,0.000000
015_input_bit_gemm,near_zero|bit7,L4_1e-4,30,0,0,30,0.000000
015_input_bit_gemm,near_zero|bit7,L5_1e-3,30,0,0,30,0.000000
015_input_bit_gemm,near_zero|bit8,L1_1e-7,30,0,0,30,0.000000
015_input_bit_gemm,near_zero|bit8,L2_1e-6,30,0,0,30,0.000000
015_input_bit_gemm,near_zero|bit8,L3_1e-5,30,0,0,30,0.000000
015_input_bit_gemm,near_zero|bit8,L4_1e-4,30,0,0,30,0.000000
015_input_bit_gemm,near_zero|bit8,L5_1e-3,30,0,0,30,0.000000
015_input_bit_gemm,near_zero|bit9,L1_1e-7,30,0,0,30,0.000000
015_input_bit_gemm,near_zero|bit9,L2_1e-6,30,0,0,30,0.000000
015_input_bit_gemm,near_zero|bit9,L3_1e-5,30,0,0,30,0.000000
015_input_bit_gemm,near_zero|bit9,L4_1e-4,30,0,0,30,0.000000
015_input_bit_gemm,near_zero|bit9,L5_1e-3,30,0,0,30,0.000000
015_input_bit_gemm,normal|bit0,L1_1e-7,27,3,0,30,0.100000
015_input_bit_gemm,normal|bit0,L2_1e-6,28,2,0,30,0.066667
015_input_bit_gemm,normal|bit0,L3_1e-5,28,2,0,30,0.066667
015_input_bit_gemm,normal|bit0,L4_1e-4,28,2,0,30,0.066667
015_input_bit_gemm,normal|bit0,L5_1e-3,28,2,0,30,0.066667
015_input_bit_gemm,normal|bit1,L1_1e-7,29,1,0,30,0.033333
015_input_bit_gemm,normal|bit1,L2_1e-6,30,0,0,30,0.000000
015_input_bit_gemm,normal|bit1,L3_1e-5,30,0,0,30,0.000000
015_input_bit_gemm,normal|bit1,L4_1e-4,30,0,0,30,0.000000
015_input_bit_gemm,normal|bit1,L5_1e-3,30,0,0,30,0.000000
015_input_bit_gemm,normal|bit10,L1_1e-7,0,30,0,30,1.000000
015_input_bit_gemm,normal|bit10,L2_1e-6,1,29,0,30,0.966667
015_input_bit_gemm,normal|bit10,L3_1e-5,21,9,0,30,0.300000
015_input_bit_gemm,normal|bit10,L4_1e-4,29,1,0,30,0.033333
015_input_bit_gemm,normal|bit10,L5_1e-3,30,0,0,30,0.000000
015_input_bit_gemm,normal|bit11,L1_1e-7,0,30,0,30,1.000000
015_input_bit_gemm,normal|bit11,L2_1e-6,1,29,0,30,0.966667
015_input_bit_gemm,normal|bit11,L3_1e-5,11,19,0,30,0.633333
015_input_bit_gemm,normal|bit11,L4_1e-4,29,1,0,30,0.033333
015_input_bit_gemm,normal|bit11,L5_1e-3,29,1,0,30,0.033333
015_input_bit_gemm,normal|bit12,L1_1e-7,0,30,0,30,1.000000
015_input_bit_gemm,normal|bit12,L2_1e-6,0,30,0,30,1.000000
015_input_bit_gemm,normal|bit12,L3_1e-5,10,20,0,30,0.666667
015_input_bit_gemm,normal|bit12,L4_1e-4,27,3,0,30,0.100000
015_input_bit_gemm,normal|bit12,L5_1e-3,27,3,0,30,0.100000
015_input_bit_gemm,normal|bit13,L1_1e-7,0,30,0,30,1.000000
015_input_bit_gemm,normal|bit13,L2_1e-6,0,30,0,30,1.000000
015_input_bit_gemm,normal|bit13,L3_1e-5,2,28,0,30,0.933333
015_input_bit_gemm,normal|bit13,L4_1e-4,25,5,0,30,0.166667
015_input_bit_gemm,normal|bit13,L5_1e-3,30,0,0,30,0.000000
015_input_bit_gemm,normal|bit14,L1_1e-7,12,17,1,30,0.566667
015_input_bit_gemm,normal|bit14,L2_1e-6,12,17,1,30,0.566667
015_input_bit_gemm,normal|bit14,L3_1e-5,13,16,1,30,0.533333
015_input_bit_gemm,normal|bit14,L4_1e-4,18,11,1,30,0.366667
015_input_bit_gemm,normal|bit14,L5_1e-3,28,1,1,30,0.033333
015_input_bit_gemm,normal|bit15,L1_1e-7,0,26,4,30,0.866667
015_input_bit_gemm,normal|bit15,L2_1e-6,0,26,4,30,0.866667
015_input_bit_gemm,normal|bit15,L3_1e-5,0,26,4,30,0.866667
015_input_bit_gemm,normal|bit15,L4_1e-4,4,22,4,30,0.733333
015_input_bit_gemm,normal|bit15,L5_1e-3,26,0,4,30,0.000000
015_input_bit_gemm,normal|bit16,L1_1e-7,0,28,2,30,0.933333
015_input_bit_gemm,normal|bit16,L2_1e-6,0,28,2,30,0.933333
015_input_bit_gemm,normal|bit16,L3_1e-5,0,28,2,30,0.933333
015_input_bit_gemm,normal|bit16,L4_1e-4,7,21,2,30,0.700000
015_input_bit_gemm,normal|bit16,L5_1e-3,25,3,2,30,0.100000
015_input_bit_gemm,normal|bit17,L1_1e-7,0,26,4,30,0.866667
015_input_bit_gemm,normal|bit17,L2_1e-6,0,26,4,30,0.866667
015_input_bit_gemm,normal|bit17,L3_1e-5,0,26,4,30,0.866667
015_input_bit_gemm,normal|bit17,L4_1e-4,5,21,4,30,0.700000
015_input_bit_gemm,normal|bit17,L5_1e-3,17,9,4,30,0.300000
015_input_bit_gemm,normal|bit18,L1_1e-7,0,29,1,30,0.966667
015_input_bit_gemm,normal|bit18,L2_1e-6,0,29,1,30,0.966667
015_input_bit_gemm,normal|bit18,L3_1e-5,0,29,1,30,0.966667
015_input_bit_gemm,normal|bit18,L4_1e-4,1,28,1,30,0.933333
015_input_bit_gemm,normal|bit18,L5_1e-3,6,23,1,30,0.766667
015_input_bit_gemm,normal|bit19,L1_1e-7,0,28,2,30,0.933333
015_input_bit_gemm,normal|bit19,L2_1e-6,0,28,2,30,0.933333
015_input_bit_gemm,normal|bit19,L3_1e-5,0,28,2,30,0.933333
015_input_bit_gemm,normal|bit19,L4_1e-4,0,28,2,30,0.933333
015_input_bit_gemm,normal|bit19,L5_1e-3,9,19,2,30,0.633333
015_input_bit_gemm,normal|bit2,L1_1e-7,27,3,0,30,0.100000
015_input_bit_gemm,normal|bit2,L2_1e-6,29,1,0,30,0.033333
015_input_bit_gemm,normal|bit2,L3_1e-5,30,0,0,30,0.000000
015_input_bit_gemm,normal|bit2,L4_1e-4,30,0,0,30,0.000000
015_input_bit_gemm,normal|bit2,L5_1e-3,30,0,0,30,0.000000
015_input_bit_gemm,normal|bit20,L1_1e-7,0,28,2,30,0.933333
015_input_bit_gemm,normal|bit20,L2_1e-6,0,28,2,30,0.933333
015_input_bit_gemm,normal|bit20,L3_1e-5,0,28,2,30,0.933333
015_input_bit_gemm,normal|bit20,L4_1e-4,0,28,2,30,0.933333
015_input_bit_gemm,normal|bit20,L5_1e-3,0,28,2,30,0.933333
015_input_bit_gemm,normal|bit21,L1_1e-7,0,27,3,30,0.900000
015_input_bit_gemm,normal|bit21,L2_1e-6,0,27,3,30,0.900000
015_input_bit_gemm,normal|bit21,L3_1e-5,0,27,3,30,0.900000
015_input_bit_gemm,normal|bit21,L4_1e-4,0,27,3,30,0.900000
015_input_bit_gemm,normal|bit21,L5_1e-3,3,24,3,30,0.800000
015_input_bit_gemm,normal|bit22,L1_1e-7,0,29,1,30,0.966667
015_input_bit_gemm,normal|bit22,L2_1e-6,0,29,1,30,0.966667
015_input_bit_gemm,normal|bit22,L3_1e-5,0,29,1,30,0.966667
015_input_bit_gemm,normal|bit22,L4_1e-4,0,29,1,30,0.966667
015_input_bit_gemm,normal|bit22,L5_1e-3,0,29,1,30,0.966667
015_input_bit_gemm,normal|bit23,L1_1e-7,0,28,2,30,0.933333
015_input_bit_gemm,normal|bit23,L2_1e-6,0,28,2,30,0.933333
015_input_bit_gemm,normal|bit23,L3_1e-5,0,28,2,30,0.933333
015_input_bit_gemm,normal|bit23,L4_1e-4,0,28,2,30,0.933333
015_input_bit_gemm,normal|bit23,L5_1e-3,0,28,2,30,0.933333
015_input_bit_gemm,normal|bit24,L1_1e-7,0,28,2,30,0.933333
015_input_bit_gemm,normal|bit24,L2_1e-6,0,28,2,30,0.933333
015_input_bit_gemm,normal|bit24,L3_1e-5,0,28,2,30,0.933333
015_input_bit_gemm,normal|bit24,L4_1e-4,0,28,2,30,0.933333
015_input_bit_gemm,normal|bit24,L5_1e-3,0,28,2,30,0.933333
015_input_bit_gemm,normal|bit25,L1_1e-7,0,30,0,30,1.000000
015_input_bit_gemm,normal|bit25,L2_1e-6,0,30,0,30,1.000000
015_input_bit_gemm,normal|bit25,L3_1e-5,0,30,0,30,1.000000
015_input_bit_gemm,normal|bit25,L4_1e-4,0,30,0,30,1.000000
015_input_bit_gemm,normal|bit25,L5_1e-3,0,30,0,30,1.000000
015_input_bit_gemm,normal|bit26,L1_1e-7,12,18,0,30,0.600000
015_input_bit_gemm,normal|bit26,L2_1e-6,12,18,0,30,0.600000
015_input_bit_gemm,normal|bit26,L3_1e-5,12,18,0,30,0.600000
015_input_bit_gemm,normal|bit26,L4_1e-4,12,18,0,30,0.600000
015_input_bit_gemm,normal|bit26,L5_1e-3,12,18,0,30,0.600000
015_input_bit_gemm,normal|bit27,L1_1e-7,0,29,1,30,0.966667
015_input_bit_gemm,normal|bit27,L2_1e-6,0,29,1,30,0.966667
015_input_bit_gemm,normal|bit27,L3_1e-5,0,29,1,30,0.966667
015_input_bit_gemm,normal|bit27,L4_1e-4,0,29,1,30,0.966667
015_input_bit_gemm,normal|bit27,L5_1e-3,0,29,1,30,0.966667
015_input_bit_gemm,normal|bit28,L1_1e-7,3,24,3,30,0.800000
015_input_bit_gemm,normal|bit28,L2_1e-6,3,24,3,30,0.800000
015_input_bit_gemm,normal|bit28,L3_1e-5,3,24,3,30,0.800000
015_input_bit_gemm,normal|bit28,L4_1e-4,3,24,3,30,0.800000
015_input_bit_gemm,normal|bit28,L5_1e-3,3,24,3,30,0.800000
015_input_bit_gemm,normal|bit29,L1_1e-7,4,24,2,30,0.800000
015_input_bit_gemm,normal|bit29,L2_1e-6,4,24,2,30,0.800000
015_input_bit_gemm,normal|bit29,L3_1e-5,4,24,2,30,0.800000
015_input_bit_gemm,normal|bit29,L4_1e-4,4,24,2,30,0.800000
015_input_bit_gemm,normal|bit29,L5_1e-3,4,24,2,30,0.800000
015_input_bit_gemm,normal|bit3,L1_1e-7,21,9,0,30,0.300000
015_input_bit_gemm,normal|bit3,L2_1e-6,26,4,0,30,0.133333
015_input_bit_gemm,normal|bit3,L3_1e-5,28,2,0,30,0.066667
015_input_bit_gemm,normal|bit3,L4_1e-4,28,2,0,30,0.066667
015_input_bit_gemm,normal|bit3,L5_1e-3,28,2,0,30,0.066667
015_input_bit_gemm,normal|bit30,L1_1e-7,0,27,3,30,0.900000
015_input_bit_gemm,normal|bit30,L2_1e-6,0,27,3,30,0.900000
015_input_bit_gemm,normal|bit30,L3_1e-5,0,27,3,30,0.900000
015_input_bit_gemm,normal|bit30,L4_1e-4,0,27,3,30,0.900000
015_input_bit_gemm,normal|bit30,L5_1e-3,0,27,3,30,0.900000
015_input_bit_gemm,normal|bit31,L1_1e-7,0,28,2,30,0.933333
015_input_bit_gemm,normal|bit31,L2_1e-6,0,28,2,30,0.933333
015_input_bit_gemm,normal|bit31,L3_1e-5,0,28,2,30,0.933333
015_input_bit_gemm,normal|bit31,L4_1e-4,0,28,2,30,0.933333
015_input_bit_gemm,normal|bit31,L5_1e-3,1,27,2,30,0.900000
015_input_bit_gemm,normal|bit4,L1_1e-7,14,16,0,30,0.533333
015_input_bit_gemm,normal|bit4,L2_1e-6,30,0,0,30,0.000000
015_input_bit_gemm,normal|bit4,L3_1e-5,30,0,0,30,0.000000
015_input_bit_gemm,normal|bit4,L4_1e-4,30,0,0,30,0.000000
015_input_bit_gemm,normal|bit4,L5_1e-3,30,0,0,30,0.000000
015_input_bit_gemm,normal|bit5,L1_1e-7,9,21,0,30,0.700000
015_input_bit_gemm,normal|bit5,L2_1e-6,25,5,0,30,0.166667
015_input_bit_gemm,normal|bit5,L3_1e-5,29,1,0,30,0.033333
015_input_bit_gemm,normal|bit5,L4_1e-4,30,0,0,30,0.000000
015_input_bit_gemm,normal|bit5,L5_1e-3,30,0,0,30,0.000000
015_input_bit_gemm,normal|bit6,L1_1e-7,9,21,0,30,0.700000
015_input_bit_gemm,normal|bit6,L2_1e-6,26,4,0,30,0.133333
015_input_bit_gemm,normal|bit6,L3_1e-5,28,2,0,30,0.066667
015_input_bit_gemm,normal|bit6,L4_1e-4,28,2,0,30,0.066667
015_input_bit_gemm,normal|bit6,L5_1e-3,28,2,0,30,0.066667
015_input_bit_gemm,normal|bit7,L1_1e-7,5,25,0,30,0.833333
015_input_bit_gemm,normal|bit7,L2_1e-6,21,9,0,30,0.300000
015_input_bit_gemm,normal|bit7,L3_1e-5,28,2,0,30,0.066667
015_input_bit_gemm,normal|bit7,L4_1e-4,28,2,0,30,0.066667
015_input_bit_gemm,normal|bit7,L5_1e-3,29,1,0,30,0.033333
015_input_bit_gemm,normal|bit8,L1_1e-7,2,28,0,30,0.933333
015_input_bit_gemm,normal|bit8,L2_1e-6,19,11,0,30,0.366667
015_input_bit_gemm,normal|bit8,L3_1e-5,28,2,0,30,0.066667
015_input_bit_gemm,normal|bit8,L4_1e-4,28,2,0,30,0.066667
015_input_bit_gemm,normal|bit8,L5_1e-3,28,2,0,30,0.066667
015_input_bit_gemm,normal|bit9,L1_1e-7,3,27,0,30,0.900000
015_input_bit_gemm,normal|bit9,L2_1e-6,12,18,0,30,0.600000
015_input_bit_gemm,normal|bit9,L3_1e-5,29,1,0,30,0.033333
015_input_bit_gemm,normal|bit9,L4_1e-4,30,0,0,30,0.000000
015_input_bit_gemm,normal|bit9,L5_1e-3,30,0,0,30,0.000000
015_input_bit_gemm,ones|bit0,L1_1e-7,28,2,0,30,0.066667
015_input_bit_gemm,ones|bit0,L2_1e-6,28,2,0,30,0.066667
015_input_bit_gemm,ones|bit0,L3_1e-5,28,2,0,30,0.066667
015_input_bit_gemm,ones|bit0,L4_1e-4,28,2,0,30,0.066667
015_input_bit_gemm,ones|bit0,L5_1e-3,28,2,0,30,0.066667
015_input_bit_gemm,ones|bit1,L1_1e-7,29,1,0,30,0.033333
015_input_bit_gemm,ones|bit1,L2_1e-6,29,1,0,30,0.033333
015_input_bit_gemm,ones|bit1,L3_1e-5,29,1,0,30,0.033333
015_input_bit_gemm,ones|bit1,L4_1e-4,29,1,0,30,0.033333
015_input_bit_gemm,ones|bit1,L5_1e-3,29,1,0,30,0.033333
015_input_bit_gemm,ones|bit10,L1_1e-7,0,30,0,30,1.000000
015_input_bit_gemm,ones|bit10,L2_1e-6,0,30,0,30,1.000000
015_input_bit_gemm,ones|bit10,L3_1e-5,27,3,0,30,0.100000
015_input_bit_gemm,ones|bit10,L4_1e-4,27,3,0,30,0.100000
015_input_bit_gemm,ones|bit10,L5_1e-3,27,3,0,30,0.100000
015_input_bit_gemm,ones|bit11,L1_1e-7,0,30,0,30,1.000000
015_input_bit_gemm,ones|bit11,L2_1e-6,0,30,0,30,1.000000
015_input_bit_gemm,ones|bit11,L3_1e-5,12,18,0,30,0.600000
015_input_bit_gemm,ones|bit11,L4_1e-4,30,0,0,30,0.000000
015_input_bit_gemm,ones|bit11,L5_1e-3,30,0,0,30,0.000000
015_input_bit_gemm,ones|bit12,L1_1e-7,0,30,0,30,1.000000
015_input_bit_gemm,ones|bit12,L2_1e-6,0,30,0,30,1.000000
015_input_bit_gemm,ones|bit12,L3_1e-5,11,19,0,30,0.633333
015_input_bit_gemm,ones|bit12,L4_1e-4,28,2,0,30,0.066667
015_input_bit_gemm,ones|bit12,L5_1e-3,28,2,0,30,0.066667
015_input_bit_gemm,ones|bit13,L1_1e-7,0,28,2,30,0.933333
015_input_bit_gemm,ones|bit13,L2_1e-6,0,28,2,30,0.933333
015_input_bit_gemm,ones|bit13,L3_1e-5,1,27,2,30,0.900000
015_input_bit_gemm,ones|bit13,L4_1e-4,28,0,2,30,0.000000
015_input_bit_gemm,ones|bit13,L5_1e-3,28,0,2,30,0.000000
015_input_bit_gemm,ones|bit14,L1_1e-7,0,30,0,30,1.000000
015_input_bit_gemm,ones|bit14,L2_1e-6,0,30,0,30,1.000000
015_input_bit_gemm,ones|bit14,L3_1e-5,0,30,0,30,1.000000
015_input_bit_gemm,ones|bit14,L4_1e-4,30,0,0,30,0.000000
015_input_bit_gemm,ones|bit14,L5_1e-3,30,0,0,30,0.000000
015_input_bit_gemm,ones|bit15,L1_1e-7,0,27,3,30,0.900000
015_input_bit_gemm,ones|bit15,L2_1e-6,0,27,3,30,0.900000
015_input_bit_gemm,ones|bit15,L3_1e-5,0,27,3,30,0.900000
015_input_bit_gemm,ones|bit15,L4_1e-4,12,15,3,30,0.500000
015_input_bit_gemm,ones|bit15,L5_1e-3,27,0,3,30,0.000000
015_input_bit_gemm,ones|bit16,L1_1e-7,0,29,1,30,0.966667
015_input_bit_gemm,ones|bit16,L2_1e-6,0,29,1,30,0.966667
015_input_bit_gemm,ones|bit16,L3_1e-5,0,29,1,30,0.966667
015_input_bit_gemm,ones|bit16,L4_1e-4,7,22,1,30,0.733333
015_input_bit_gemm,ones|bit16,L5_1e-3,29,0,1,30,0.000000
015_input_bit_gemm,ones|bit17,L1_1e-7,0,29,1,30,0.966667
015_input_bit_gemm,ones|bit17,L2_1e-6,0,29,1,30,0.966667
015_input_bit_gemm,ones|bit17,L3_1e-5,11,18,1,30,0.600000
015_input_bit_gemm,ones|bit17,L4_1e-4,14,15,1,30,0.500000
015_input_bit_gemm,ones|bit17,L5_1e-3,29,0,1,30,0.000000
015_input_bit_gemm,ones|bit18,L1_1e-7,0,29,1,30,0.966667
015_input_bit_gemm,ones|bit18,L2_1e-6,0,29,1,30,0.966667
015_input_bit_gemm,ones|bit18,L3_1e-5,0,29,1,30,0.966667
015_input_bit_gemm,ones|bit18,L4_1e-4,0,29,1,30,0.966667
015_input_bit_gemm,ones|bit18,L5_1e-3,11,18,1,30,0.600000
015_input_bit_gemm,ones|bit19,L1_1e-7,0,29,1,30,0.966667
015_input_bit_gemm,ones|bit19,L2_1e-6,0,29,1,30,0.966667
015_input_bit_gemm,ones|bit19,L3_1e-5,0,29,1,30,0.966667
015_input_bit_gemm,ones|bit19,L4_1e-4,0,29,1,30,0.966667
015_input_bit_gemm,ones|bit19,L5_1e-3,17,12,1,30,0.400000
015_input_bit_gemm,ones|bit2,L1_1e-7,30,0,0,30,0.000000
015_input_bit_gemm,ones|bit2,L2_1e-6,30,0,0,30,0.000000
015_input_bit_gemm,ones|bit2,L3_1e-5,30,0,0,30,0.000000
015_input_bit_gemm,ones|bit2,L4_1e-4,30,0,0,30,0.000000
015_input_bit_gemm,ones|bit2,L5_1e-3,30,0,0,30,0.000000
015_input_bit_gemm,ones|bit20,L1_1e-7,0,29,1,30,0.966667
015_input_bit_gemm,ones|bit20,L2_1e-6,0,29,1,30,0.966667
015_input_bit_gemm,ones|bit20,L3_1e-5,0,29,1,30,0.966667
015_input_bit_gemm,ones|bit20,L4_1e-4,0,29,1,30,0.966667
015_input_bit_gemm,ones|bit20,L5_1e-3,4,25,1,30,0.833333
015_input_bit_gemm,ones|bit21,L1_1e-7,0,26,4,30,0.866667
015_input_bit_gemm,ones|bit21,L2_1e-6,0,26,4,30,0.866667
015_input_bit_gemm,ones|bit21,L3_1e-5,0,26,4,30,0.866667
015_input_bit_gemm,ones|bit21,L4_1e-4,0,26,4,30,0.866667
015_input_bit_gemm,ones|bit21,L5_1e-3,0,26,4,30,0.866667
015_input_bit_gemm,ones|bit22,L1_1e-7,0,28,2,30,0.933333
015_input_bit_gemm,ones|bit22,L2_1e-6,0,28,2,30,0.933333
015_input_bit_gemm,ones|bit22,L3_1e-5,0,28,2,30,0.933333
015_input_bit_gemm,ones|bit22,L4_1e-4,0,28,2,30,0.933333
015_input_bit_gemm,ones|bit22,L5_1e-3,0,28,2,30,0.933333
015_input_bit_gemm,ones|bit23,L1_1e-7,0,30,0,30,1.000000
015_input_bit_gemm,ones|bit23,L2_1e-6,0,30,0,30,1.000000
015_input_bit_gemm,ones|bit23,L3_1e-5,0,30,0,30,1.000000
015_input_bit_gemm,ones|bit23,L4_1e-4,0,30,0,30,1.000000
015_input_bit_gemm,ones|bit23,L5_1e-3,0,30,0,30,1.000000
015_input_bit_gemm,ones|bit24,L1_1e-7,0,30,0,30,1.000000
015_input_bit_gemm,ones|bit24,L2_1e-6,0,30,0,30,1.000000
015_input_bit_gemm,ones|bit24,L3_1e-5,0,30,0,30,1.000000
015_input_bit_gemm,ones|bit24,L4_1e-4,0,30,0,30,1.000000
015_input_bit_gemm,ones|bit24,L5_1e-3,0,30,0,30,1.000000
015_input_bit_gemm,ones|bit25,L1_1e-7,0,30,0,30,1.000000
015_input_bit_gemm,ones|bit25,L2_1e-6,0,30,0,30,1.000000
015_input_bit_gemm,ones|bit25,L3_1e-5,0,30,0,30,1.000000
015_input_bit_gemm,ones|bit25,L4_1e-4,0,30,0,30,1.000000
015_input_bit_gemm,ones|bit25,L5_1e-3,0,30,0,30,1.000000
015_input_bit_gemm,ones|bit26,L1_1e-7,0,28,2,30,0.933333
015_input_bit_gemm,ones|bit26,L2_1e-6,0,28,2,30,0.933333
015_input_bit_gemm,ones|bit26,L3_1e-5,0,28,2,30,0.933333
015_input_bit_gemm,ones|bit26,L4_1e-4,0,28,2,30,0.933333
015_input_bit_gemm,ones|bit26,L5_1e-3,0,28,2,30,0.933333
015_input_bit_gemm,ones|bit27,L1_1e-7,0,26,4,30,0.866667
015_input_bit_gemm,ones|bit27,L2_1e-6,0,26,4,30,0.866667
015_input_bit_gemm,ones|bit27,L3_1e-5,0,26,4,30,0.866667
015_input_bit_gemm,ones|bit27,L4_1e-4,0,26,4,30,0.866667
015_input_bit_gemm,ones|bit27,L5_1e-3,0,26,4,30,0.866667
015_input_bit_gemm,ones|bit28,L1_1e-7,0,28,2,30,0.933333
015_input_bit_gemm,ones|bit28,L2_1e-6,0,28,2,30,0.933333
015_input_bit_gemm,ones|bit28,L3_1e-5,0,28,2,30,0.933333
015_input_bit_gemm,ones|bit28,L4_1e-4,0,28,2,30,0.933333
015_input_bit_gemm,ones|bit28,L5_1e-3,0,28,2,30,0.933333
015_input_bit_gemm,ones|bit29,L1_1e-7,0,28,2,30,0.933333
015_input_bit_gemm,ones|bit29,L2_1e-6,0,28,2,30,0.933333
015_input_bit_gemm,ones|bit29,L3_1e-5,0,28,2,30,0.933333
015_input_bit_gemm,ones|bit29,L4_1e-4,0,28,2,30,0.933333
015_input_bit_gemm,ones|bit29,L5_1e-3,0,28,2,30,0.933333
015_input_bit_gemm,ones|bit3,L1_1e-7,29,1,0,30,0.033333
015_input_bit_gemm,ones|bit3,L2_1e-6,29,1,0,30,0.033333
015_input_bit_gemm,ones|bit3,L3_1e-5,29,1,0,30,0.033333
015_input_bit_gemm,ones|bit3,L4_1e-4,29,1,0,30,0.033333
015_input_bit_gemm,ones|bit3,L5_1e-3,29,1,0,30,0.033333
015_input_bit_gemm,ones|bit30,L1_1e-7,0,30,0,30,1.000000
015_input_bit_gemm,ones|bit30,L2_1e-6,0,30,0,30,1.000000
015_input_bit_gemm,ones|bit30,L3_1e-5,0,30,0,30,1.000000
015_input_bit_gemm,ones|bit30,L4_1e-4,0,30,0,30,1.000000
015_input_bit_gemm,ones|bit30,L5_1e-3,0,30,0,30,1.000000
015_input_bit_gemm,ones|bit31,L1_1e-7,0,26,4,30,0.866667
015_input_bit_gemm,ones|bit31,L2_1e-6,0,26,4,30,0.866667
015_input_bit_gemm,ones|bit31,L3_1e-5,0,26,4,30,0.866667
015_input_bit_gemm,ones|bit31,L4_1e-4,0,26,4,30,0.866667
015_input_bit_gemm,ones|bit31,L5_1e-3,0,26,4,30,0.866667
015_input_bit_gemm,ones|bit4,L1_1e-7,27,3,0,30,0.100000
015_input_bit_gemm,ones|bit4,L2_1e-6,27,3,0,30,0.100000
015_input_bit_gemm,ones|bit4,L3_1e-5,27,3,0,30,0.100000
015_input_bit_gemm,ones|bit4,L4_1e-4,27,3,0,30,0.100000
015_input_bit_gemm,ones|bit4,L5_1e-3,27,3,0,30,0.100000
015_input_bit_gemm,ones|bit5,L1_1e-7,7,23,0,30,0.766667
015_input_bit_gemm,ones|bit5,L2_1e-6,28,2,0,30,0.066667
015_input_bit_gemm,ones|bit5,L3_1e-5,28,2,0,30,0.066667
015_input_bit_gemm,ones|bit5,L4_1e-4,28,2,0,30,0.066667
015_input_bit_gemm,ones|bit5,L5_1e-3,28,2,0,30,0.066667
015_input_bit_gemm,ones|bit6,L1_1e-7,9,21,0,30,0.700000
015_input_bit_gemm,ones|bit6,L2_1e-6,29,1,0,30,0.033333
015_input_bit_gemm,ones|bit6,L3_1e-5,29,1,0,30,0.033333
015_input_bit_gemm,ones|bit6,L4_1e-4,29,1,0,30,0.033333
015_input_bit_gemm,ones|bit6,L5_1e-3,29,1,0,30,0.033333
015_input_bit_gemm,ones|bit7,L1_1e-7,6,24,0,30,0.800000
015_input_bit_gemm,ones|bit7,L2_1e-6,29,1,0,30,0.033333
015_input_bit_gemm,ones|bit7,L3_1e-5,29,1,0,30,0.033333
015_input_bit_gemm,ones|bit7,L4_1e-4,29,1,0,30,0.033333
015_input_bit_gemm,ones|bit7,L5_1e-3,29,1,0,30,0.033333
015_input_bit_gemm,ones|bit8,L1_1e-7,0,30,0,30,1.000000
015_input_bit_gemm,ones|bit8,L2_1e-6,14,16,0,30,0.533333
015_input_bit_gemm,ones|bit8,L3_1e-5,26,4,0,30,0.133333
015_input_bit_gemm,ones|bit8,L4_1e-4,26,4,0,30,0.133333
015_input_bit_gemm,ones|bit8,L5_1e-3,26,4,0,30,0.133333
015_input_bit_gemm,ones|bit9,L1_1e-7,0,30,0,30,1.000000
015_input_bit_gemm,ones|bit9,L2_1e-6,12,18,0,30,0.600000
015_input_bit_gemm,ones|bit9,L3_1e-5,29,1,0,30,0.033333
015_input_bit_gemm,ones|bit9,L4_1e-4,29,1,0,30,0.033333
015_input_bit_gemm,ones|bit9,L5_1e-3,29,1,0,30,0.033333
015_input_bit_gemm,sparse|bit0,L1_1e-7,29,1,0,30,0.033333
015_input_bit_gemm,sparse|bit0,L2_1e-6,29,1,0,30,0.033333
015_input_bit_gemm,sparse|bit0,L3_1e-5,29,1,0,30,0.033333
015_input_bit_gemm,sparse|bit0,L4_1e-4,29,1,0,30,0.033333
015_input_bit_gemm,sparse|bit0,L5_1e-3,29,1,0,30,0.033333
015_input_bit_gemm,sparse|bit1,L1_1e-7,30,0,0,30,0.000000
015_input_bit_gemm,sparse|bit1,L2_1e-6,30,0,0,30,0.000000
015_input_bit_gemm,sparse|bit1,L3_1e-5,30,0,0,30,0.000000
015_input_bit_gemm,sparse|bit1,L4_1e-4,30,0,0,30,0.000000
015_input_bit_gemm,sparse|bit1,L5_1e-3,30,0,0,30,0.000000
015_input_bit_gemm,sparse|bit10,L1_1e-7,4,26,0,30,0.866667
015_input_bit_gemm,sparse|bit10,L2_1e-6,7,23,0,30,0.766667
015_input_bit_gemm,sparse|bit10,L3_1e-5,26,4,0,30,0.133333
015_input_bit_gemm,sparse|bit10,L4_1e-4,28,2,0,30,0.066667
015_input_bit_gemm,sparse|bit10,L5_1e-3,28,2,0,30,0.066667
015_input_bit_gemm,sparse|bit11,L1_1e-7,6,24,0,30,0.800000
015_input_bit_gemm,sparse|bit11,L2_1e-6,9,21,0,30,0.700000
015_input_bit_gemm,sparse|bit11,L3_1e-5,14,16,0,30,0.533333
015_input_bit_gemm,sparse|bit11,L4_1e-4,29,1,0,30,0.033333
015_input_bit_gemm,sparse|bit11,L5_1e-3,29,1,0,30,0.033333
015_input_bit_gemm,sparse|bit12,L1_1e-7,7,23,0,30,0.766667
015_input_bit_gemm,sparse|bit12,L2_1e-6,7,23,0,30,0.766667
015_input_bit_gemm,sparse|bit12,L3_1e-5,14,16,0,30,0.533333
015_input_bit_gemm,sparse|bit12,L4_1e-4,30,0,0,30,0.000000
015_input_bit_gemm,sparse|bit12,L5_1e-3,30,0,0,30,0.000000
015_input_bit_gemm,sparse|bit13,L1_1e-7,1,26,3,30,0.866667
015_input_bit_gemm,sparse|bit13,L2_1e-6,1,26,3,30,0.866667
015_input_bit_gemm,sparse|bit13,L3_1e-5,2,25,3,30,0.833333
015_input_bit_gemm,sparse|bit13,L4_1e-4,25,2,3,30,0.066667
015_input_bit_gemm,sparse|bit13,L5_1e-3,27,0,3,30,0.000000
015_input_bit_gemm,sparse|bit14,L1_1e-7,3,25,2,30,0.833333
015_input_bit_gemm,sparse|bit14,L2_1e-6,3,25,2,30,0.833333
015_input_bit_gemm,sparse|bit14,L3_1e-5,4,24,2,30,0.800000
015_input_bit_gemm,sparse|bit14,L4_1e-4,15,13,2,30,0.433333
015_input_bit_gemm,sparse|bit14,L5_1e-3,27,1,2,30,0.033333
015_input_bit_gemm,sparse|bit15,L1_1e-7,1,28,1,30,0.933333
015_input_bit_gemm,sparse|bit15,L2_1e-6,1,28,1,30,0.933333
015_input_bit_gemm,sparse|bit15,L3_1e-5,2,27,1,30,0.900000
015_input_bit_gemm,sparse|bit15,L4_1e-4,9,20,1,30,0.666667
015_input_bit_gemm,sparse|bit15,L5_1e-3,26,3,1,30,0.100000
015_input_bit_gemm,sparse|bit16,L1_1e-7,3,26,1,30,0.866667
015_input_bit_gemm,sparse|bit16,L2_1e-6,3,26,1,30,0.866667
015_input_bit_gemm,sparse|bit16,L3_1e-5,3,26,1,30,0.866667
015_input_bit_gemm,sparse|bit16,L4_1e-4,5,24,1,30,0.800000
015_input_bit_gemm,sparse|bit16,L5_1e-3,27,2,1,30,0.066667
015_input_bit_gemm,sparse|bit17,L1_1e-7,2,22,6,30,0.733333
015_input_bit_gemm,sparse|bit17,L2_1e-6,2,22,6,30,0.733333
015_input_bit_gemm,sparse|bit17,L3_1e-5,2,22,6,30,0.733333
015_input_bit_gemm,sparse|bit17,L4_1e-4,3,21,6,30,0.700000
015_input_bit_gemm,sparse|bit17,L5_1e-3,14,10,6,30,0.333333
015_input_bit_gemm,sparse|bit18,L1_1e-7,5,23,2,30,0.766667
015_input_bit_gemm,sparse|bit18,L2_1e-6,5,23,2,30,0.766667
015_input_bit_gemm,sparse|bit18,L3_1e-5,6,22,2,30,0.733333
015_input_bit_gemm,sparse|bit18,L4_1e-4,7,21,2,30,0.700000
015_input_bit_gemm,sparse|bit18,L5_1e-3,11,17,2,30,0.566667
015_input_bit_gemm,sparse|bit19,L1_1e-7,3,24,3,30,0.800000
015_input_bit_gemm,sparse|bit19,L2_1e-6,3,24,3,30,0.800000
015_input_bit_gemm,sparse|bit19,L3_1e-5,3,24,3,30,0.800000
015_input_bit_gemm,sparse|bit19,L4_1e-4,3,24,3,30,0.800000
015_input_bit_gemm,sparse|bit19,L5_1e-3,7,20,3,30,0.666667
015_input_bit_gemm,sparse|bit2,L1_1e-7,27,3,0,30,0.100000
015_input_bit_gemm,sparse|bit2,L2_1e-6,29,1,0,30,0.033333
015_input_bit_gemm,sparse|bit2,L3_1e-5,29,1,0,30,0.033333
015_input_bit_gemm,sparse|bit2,L4_1e-4,29,1,0,30,0.033333
015_input_bit_gemm,sparse|bit2,L5_1e-3,29,1,0,30,0.033333
015_input_bit_gemm,sparse|bit20,L1_1e-7,2,26,2,30,0.866667
015_input_bit_gemm,sparse|bit20,L2_1e-6,2,26,2,30,0.866667
015_input_bit_gemm,sparse|bit20,L3_1e-5,2,26,2,30,0.866667
015_input_bit_gemm,sparse|bit20,L4_1e-4,2,26,2,30,0.866667
015_input_bit_gemm,sparse|bit20,L5_1e-3,3,25,2,30,0.833333
015_input_bit_gemm,sparse|bit21,L1_1e-7,0,28,2,30,0.933333
015_input_bit_gemm,sparse|bit21,L2_1e-6,0,28,2,30,0.933333
015_input_bit_gemm,sparse|bit21,L3_1e-5,0,28,2,30,0.933333
015_input_bit_gemm,sparse|bit21,L4_1e-4,0,28,2,30,0.933333
015_input_bit_gemm,sparse|bit21,L5_1e-3,1,27,2,30,0.900000
015_input_bit_gemm,sparse|bit22,L1_1e-7,11,18,1,30,0.600000
015_input_bit_gemm,sparse|bit22,L2_1e-6,11,18,1,30,0.600000
015_input_bit_gemm,sparse|bit22,L3_1e-5,11,18,1,30,0.600000
015_input_bit_gemm,sparse|bit22,L4_1e-4,11,18,1,30,0.600000
015_input_bit_gemm,sparse|bit22,L5_1e-3,11,18,1,30,0.600000
015_input_bit_gemm,sparse|bit23,L1_1e-7,2,25,3,30,0.833333
015_input_bit_gemm,sparse|bit23,L2_1e-6,2,25,3,30,0.833333
015_input_bit_gemm,sparse|bit23,L3_1e-5,2,25,3,30,0.833333
015_input_bit_gemm,sparse|bit23,L4_1e-4,2,25,3,30,0.833333
015_input_bit_gemm,sparse|bit23,L5_1e-3,2,25,3,30,0.833333
015_input_bit_gemm,sparse|bit24,L1_1e-7,12,17,1,30,0.566667
015_input_bit_gemm,sparse|bit24,L2_1e-6,12,17,1,30,0.566667
015_input_bit_gemm,sparse|bit24,L3_1e-5,12,17,1,30,0.566667
015_input_bit_gemm,sparse|bit24,L4_1e-4,12,17,1,30,0.566667
015_input_bit_gemm,sparse|bit24,L5_1e-3,13,16,1,30,0.533333
015_input_bit_gemm,sparse|bit25,L1_1e-7,9,21,0,30,0.700000
015_input_bit_gemm,sparse|bit25,L2_1e-6,9,21,0,30,0.700000
015_input_bit_gemm,sparse|bit25,L3_1e-5,9,21,0,30,0.700000
015_input_bit_gemm,sparse|bit25,L4_1e-4,9,21,0,30,0.700000
015_input_bit_gemm,sparse|bit25,L5_1e-3,9,21,0,30,0.700000
015_input_bit_gemm,sparse|bit26,L1_1e-7,4,23,3,30,0.766667
015_input_bit_gemm,sparse|bit26,L2_1e-6,4,23,3,30,0.766667
015_input_bit_gemm,sparse|bit26,L3_1e-5,4,23,3,30,0.766667
015_input_bit_gemm,sparse|bit26,L4_1e-4,4,23,3,30,0.766667
015_input_bit_gemm,sparse|bit26,L5_1e-3,4,23,3,30,0.766667
015_input_bit_gemm,sparse|bit27,L1_1e-7,8,22,0,30,0.733333
015_input_bit_gemm,sparse|bit27,L2_1e-6,8,22,0,30,0.733333
015_input_bit_gemm,sparse|bit27,L3_1e-5,8,22,0,30,0.733333
015_input_bit_gemm,sparse|bit27,L4_1e-4,8,22,0,30,0.733333
015_input_bit_gemm,sparse|bit27,L5_1e-3,9,21,0,30,0.700000
015_input_bit_gemm,sparse|bit28,L1_1e-7,14,16,0,30,0.533333
015_input_bit_gemm,sparse|bit28,L2_1e-6,14,16,0,30,0.533333
015_input_bit_gemm,sparse|bit28,L3_1e-5,14,16,0,30,0.533333
015_input_bit_gemm,sparse|bit28,L4_1e-4,14,16,0,30,0.533333
015_input_bit_gemm,sparse|bit28,L5_1e-3,15,15,0,30,0.500000
015_input_bit_gemm,sparse|bit29,L1_1e-7,7,22,1,30,0.733333
015_input_bit_gemm,sparse|bit29,L2_1e-6,7,22,1,30,0.733333
015_input_bit_gemm,sparse|bit29,L3_1e-5,7,22,1,30,0.733333
015_input_bit_gemm,sparse|bit29,L4_1e-4,7,22,1,30,0.733333
015_input_bit_gemm,sparse|bit29,L5_1e-3,7,22,1,30,0.733333
015_input_bit_gemm,sparse|bit3,L1_1e-7,25,4,1,30,0.133333
015_input_bit_gemm,sparse|bit3,L2_1e-6,28,1,1,30,0.033333
015_input_bit_gemm,sparse|bit3,L3_1e-5,28,1,1,30,0.033333
015_input_bit_gemm,sparse|bit3,L4_1e-4,28,1,1,30,0.033333
015_input_bit_gemm,sparse|bit3,L5_1e-3,28,1,1,30,0.033333
015_input_bit_gemm,sparse|bit30,L1_1e-7,0,26,4,30,0.866667
015_input_bit_gemm,sparse|bit30,L2_1e-6,0,26,4,30,0.866667
015_input_bit_gemm,sparse|bit30,L3_1e-5,0,26,4,30,0.866667
015_input_bit_gemm,sparse|bit30,L4_1e-4,0,26,4,30,0.866667
015_input_bit_gemm,sparse|bit30,L5_1e-3,0,26,4,30,0.866667
015_input_bit_gemm,sparse|bit31,L1_1e-7,1,27,2,30,0.900000
015_input_bit_gemm,sparse|bit31,L2_1e-6,1,27,2,30,0.900000
015_input_bit_gemm,sparse|bit31,L3_1e-5,1,27,2,30,0.900000
015_input_bit_gemm,sparse|bit31,L4_1e-4,1,27,2,30,0.900000
015_input_bit_gemm,sparse|bit31,L5_1e-3,1,27,2,30,0.900000
015_input_bit_gemm,sparse|bit4,L1_1e-7,15,15,0,30,0.500000
015_input_bit_gemm,sparse|bit4,L2_1e-6,28,2,0,30,0.066667
015_input_bit_gemm,sparse|bit4,L3_1e-5,28,2,0,30,0.066667
015_input_bit_gemm,sparse|bit4,L4_1e-4,28,2,0,30,0.066667
015_input_bit_gemm,sparse|bit4,L5_1e-3,28,2,0,30,0.066667
015_input_bit_gemm,sparse|bit5,L1_1e-7,14,16,0,30,0.533333
015_input_bit_gemm,sparse|bit5,L2_1e-6,28,2,0,30,0.066667
015_input_bit_gemm,sparse|bit5,L3_1e-5,28,2,0,30,0.066667
015_input_bit_gemm,sparse|bit5,L4_1e-4,28,2,0,30,0.066667
015_input_bit_gemm,sparse|bit5,L5_1e-3,28,2,0,30,0.066667
015_input_bit_gemm,sparse|bit6,L1_1e-7,7,23,0,30,0.766667
015_input_bit_gemm,sparse|bit6,L2_1e-6,27,3,0,30,0.100000
015_input_bit_gemm,sparse|bit6,L3_1e-5,27,3,0,30,0.100000
015_input_bit_gemm,sparse|bit6,L4_1e-4,27,3,0,30,0.100000
015_input_bit_gemm,sparse|bit6,L5_1e-3,27,3,0,30,0.100000
015_input_bit_gemm,sparse|bit7,L1_1e-7,1,29,0,30,0.966667
015_input_bit_gemm,sparse|bit7,L2_1e-6,13,17,0,30,0.566667
015_input_bit_gemm,sparse|bit7,L3_1e-5,28,2,0,30,0.066667
015_input_bit_gemm,sparse|bit7,L4_1e-4,28,2,0,30,0.066667
015_input_bit_gemm,sparse|bit7,L5_1e-3,28,2,0,30,0.066667
015_input_bit_gemm,sparse|bit8,L1_1e-7,3,27,0,30,0.900000
015_input_bit_gemm,sparse|bit8,L2_1e-6,7,23,0,30,0.766667
015_input_bit_gemm,sparse|bit8,L3_1e-5,27,3,0,30,0.100000
015_input_bit_gemm,sparse|bit8,L4_1e-4,27,3,0,30,0.100000
015_input_bit_gemm,sparse|bit8,L5_1e-3,27,3,0,30,0.100000
015_input_bit_gemm,sparse|bit9,L1_1e-7,4,26,0,30,0.866667
015_input_bit_gemm,sparse|bit9,L2_1e-6,7,23,0,30,0.766667
015_input_bit_gemm,sparse|bit9,L3_1e-5,25,5,0,30,0.166667
015_input_bit_gemm,sparse|bit9,L4_1e-4,27,3,0,30,0.100000
015_input_bit_gemm,sparse|bit9,L5_1e-3,27,3,0,30,0.100000
015_input_bit_gemm,uniform|bit0,L1_1e-7,27,3,0,30,0.100000
015_input_bit_gemm,uniform|bit0,L2_1e-6,28,2,0,30,0.066667
015_input_bit_gemm,uniform|bit0,L3_1e-5,28,2,0,30,0.066667
015_input_bit_gemm,uniform|bit0,L4_1e-4,28,2,0,30,0.066667
015_input_bit_gemm,uniform|bit0,L5_1e-3,28,2,0,30,0.066667
015_input_bit_gemm,uniform|bit1,L1_1e-7,26,4,0,30,0.133333
015_input_bit_gemm,uniform|bit1,L2_1e-6,28,2,0,30,0.066667
015_input_bit_gemm,uniform|bit1,L3_1e-5,28,2,0,30,0.066667
015_input_bit_gemm,uniform|bit1,L4_1e-4,28,2,0,30,0.066667
015_input_bit_gemm,uniform|bit1,L5_1e-3,28,2,0,30,0.066667
015_input_bit_gemm,uniform|bit10,L1_1e-7,2,28,0,30,0.933333
015_input_bit_gemm,uniform|bit10,L2_1e-6,7,23,0,30,0.766667
015_input_bit_gemm,uniform|bit10,L3_1e-5,18,12,0,30,0.400000
015_input_bit_gemm,uniform|bit10,L4_1e-4,27,3,0,30,0.100000
015_input_bit_gemm,uniform|bit10,L5_1e-3,27,3,0,30,0.100000
015_input_bit_gemm,uniform|bit11,L1_1e-7,0,30,0,30,1.000000
015_input_bit_gemm,uniform|bit11,L2_1e-6,1,29,0,30,0.966667
015_input_bit_gemm,uniform|bit11,L3_1e-5,9,21,0,30,0.700000
015_input_bit_gemm,uniform|bit11,L4_1e-4,29,1,0,30,0.033333
015_input_bit_gemm,uniform|bit11,L5_1e-3,29,1,0,30,0.033333
015_input_bit_gemm,uniform|bit12,L1_1e-7,0,30,0,30,1.000000
015_input_bit_gemm,uniform|bit12,L2_1e-6,0,30,0,30,1.000000
015_input_bit_gemm,uniform|bit12,L3_1e-5,4,26,0,30,0.866667
015_input_bit_gemm,uniform|bit12,L4_1e-4,26,4,0,30,0.133333
015_input_bit_gemm,uniform|bit12,L5_1e-3,27,3,0,30,0.100000
015_input_bit_gemm,uniform|bit13,L1_1e-7,0,27,3,30,0.900000
015_input_bit_gemm,uniform|bit13,L2_1e-6,1,26,3,30,0.866667
015_input_bit_gemm,uniform|bit13,L3_1e-5,2,25,3,30,0.833333
015_input_bit_gemm,uniform|bit13,L4_1e-4,20,7,3,30,0.233333
015_input_bit_gemm,uniform|bit13,L5_1e-3,26,1,3,30,0.033333
015_input_bit_gemm,uniform|bit14,L1_1e-7,0,29,1,30,0.966667
015_input_bit_gemm,uniform|bit14,L2_1e-6,0,29,1,30,0.966667
015_input_bit_gemm,uniform|bit14,L3_1e-5,2,27,1,30,0.900000
015_input_bit_gemm,uniform|bit14,L4_1e-4,12,17,1,30,0.566667
015_input_bit_gemm,uniform|bit14,L5_1e-3,28,1,1,30,0.033333
015_input_bit_gemm,uniform|bit15,L1_1e-7,0,29,1,30,0.966667
015_input_bit_gemm,uniform|bit15,L2_1e-6,0,29,1,30,0.966667
015_input_bit_gemm,uniform|bit15,L3_1e-5,0,29,1,30,0.966667
015_input_bit_gemm,uniform|bit15,L4_1e-4,4,25,1,30,0.833333
015_input_bit_gemm,uniform|bit15,L5_1e-3,26,3,1,30,0.100000
015_input_bit_gemm,uniform|bit16,L1_1e-7,0,25,5,30,0.833333
015_input_bit_gemm,uniform|bit16,L2_1e-6,0,25,5,30,0.833333
015_input_bit_gemm,uniform|bit16,L3_1e-5,0,25,5,30,0.833333
015_input_bit_gemm,uniform|bit16,L4_1e-4,2,23,5,30,0.766667
015_input_bit_gemm,uniform|bit16,L5_1e-3,21,4,5,30,0.133333
015_input_bit_gemm,uniform|bit17,L1_1e-7,0,29,1,30,0.966667
015_input_bit_gemm,uniform|bit17,L2_1e-6,0,29,1,30,0.966667
015_input_bit_gemm,uniform|bit17,L3_1e-5,0,29,1,30,0.966667
015_input_bit_gemm,uniform|bit17,L4_1e-4,1,28,1,30,0.933333
015_input_bit_gemm,uniform|bit17,L5_1e-3,16,13,1,30,0.433333
015_input_bit_gemm,uniform|bit18,L1_1e-7,0,29,1,30,0.966667
015_input_bit_gemm,uniform|bit18,L2_1e-6,0,29,1,30,0.966667
015_input_bit_gemm,uniform|bit18,L3_1e-5,1,28,1,30,0.933333
015_input_bit_gemm,uniform|bit18,L4_1e-4,1,28,1,30,0.933333
015_input_bit_gemm,uniform|bit18,L5_1e-3,9,20,1,30,0.666667
015_input_bit_gemm,uniform|bit19,L1_1e-7,0,30,0,30,1.000000
015_input_bit_gemm,uniform|bit19,L2_1e-6,0,30,0,30,1.000000
015_input_bit_gemm,uniform|bit19,L3_1e-5,0,30,0,30,1.000000
015_input_bit_gemm,uniform|bit19,L4_1e-4,3,27,0,30,0.900000
015_input_bit_gemm,uniform|bit19,L5_1e-3,4,26,0,30,0.866667
015_input_bit_gemm,uniform|bit2,L1_1e-7,27,3,0,30,0.100000
015_input_bit_gemm,uniform|bit2,L2_1e-6,29,1,0,30,0.033333
015_input_bit_gemm,uniform|bit2,L3_1e-5,29,1,0,30,0.033333
015_input_bit_gemm,uniform|bit2,L4_1e-4,29,1,0,30,0.033333
015_input_bit_gemm,uniform|bit2,L5_1e-3,29,1,0,30,0.033333
015_input_bit_gemm,uniform|bit20,L1_1e-7,2,27,1,30,0.900000
015_input_bit_gemm,uniform|bit20,L2_1e-6,2,27,1,30,0.900000
015_input_bit_gemm,uniform|bit20,L3_1e-5,3,26,1,30,0.866667
015_input_bit_gemm,uniform|bit20,L4_1e-4,3,26,1,30,0.866667
015_input_bit_gemm,uniform|bit20,L5_1e-3,3,26,1,30,0.866667
015_input_bit_gemm,uniform|bit21,L1_1e-7,0,25,5,30,0.833333
015_input_bit_gemm,uniform|bit21,L2_1e-6,0,25,5,30,0.833333
015_input_bit_gemm,uniform|bit21,L3_1e-5,0,25,5,30,0.833333
015_input_bit_gemm,uniform|bit21,L4_1e-4,0,25,5,30,0.833333
015_input_bit_gemm,uniform|bit21,L5_1e-3,1,24,5,30,0.800000
015_input_bit_gemm,uniform|bit22,L1_1e-7,0,27,3,30,0.900000
015_input_bit_gemm,uniform|bit22,L2_1e-6,0,27,3,30,0.900000
015_input_bit_gemm,uniform|bit22,L3_1e-5,0,27,3,30,0.900000
015_input_bit_gemm,uniform|bit22,L4_1e-4,0,27,3,30,0.900000
015_input_bit_gemm,uniform|bit22,L5_1e-3,1,26,3,30,0.866667
015_input_bit_gemm,uniform|bit23,L1_1e-7,0,26,4,30,0.866667
015_input_bit_gemm,uniform|bit23,L2_1e-6,0,26,4,30,0.866667
015_input_bit_gemm,uniform|bit23,L3_1e-5,0,26,4,30,0.866667
015_input_bit_gemm,uniform|bit23,L4_1e-4,0,26,4,30,0.866667
015_input_bit_gemm,uniform|bit23,L5_1e-3,1,25,4,30,0.833333
015_input_bit_gemm,uniform|bit24,L1_1e-7,0,28,2,30,0.933333
015_input_bit_gemm,uniform|bit24,L2_1e-6,0,28,2,30,0.933333
015_input_bit_gemm,uniform|bit24,L3_1e-5,0,28,2,30,0.933333
015_input_bit_gemm,uniform|bit24,L4_1e-4,0,28,2,30,0.933333
015_input_bit_gemm,uniform|bit24,L5_1e-3,0,28,2,30,0.933333
015_input_bit_gemm,uniform|bit25,L1_1e-7,0,27,3,30,0.900000
015_input_bit_gemm,uniform|bit25,L2_1e-6,0,27,3,30,0.900000
015_input_bit_gemm,uniform|bit25,L3_1e-5,0,27,3,30,0.900000
015_input_bit_gemm,uniform|bit25,L4_1e-4,0,27,3,30,0.900000
015_input_bit_gemm,uniform|bit25,L5_1e-3,0,27,3,30,0.900000
015_input_bit_gemm,uniform|bit26,L1_1e-7,0,30,0,30,1.000000
015_input_bit_gemm,uniform|bit26,L2_1e-6,0,30,0,30,1.000000
015_input_bit_gemm,uniform|bit26,L3_1e-5,0,30,0,30,1.000000
015_input_bit_gemm,uniform|bit26,L4_1e-4,0,30,0,30,1.000000
015_input_bit_gemm,uniform|bit26,L5_1e-3,1,29,0,30,0.966667
015_input_bit_gemm,uniform|bit27,L1_1e-7,0,28,2,30,0.933333
015_input_bit_gemm,uniform|bit27,L2_1e-6,0,28,2,30,0.933333
015_input_bit_gemm,uniform|bit27,L3_1e-5,0,28,2,30,0.933333
015_input_bit_gemm,uniform|bit27,L4_1e-4,0,28,2,30,0.933333
015_input_bit_gemm,uniform|bit27,L5_1e-3,0,28,2,30,0.933333
015_input_bit_gemm,uniform|bit28,L1_1e-7,0,29,1,30,0.966667
015_input_bit_gemm,uniform|bit28,L2_1e-6,0,29,1,30,0.966667
015_input_bit_gemm,uniform|bit28,L3_1e-5,0,29,1,30,0.966667
015_input_bit_gemm,uniform|bit28,L4_1e-4,0,29,1,30,0.966667
015_input_bit_gemm,uniform|bit28,L5_1e-3,1,28,1,30,0.933333
015_input_bit_gemm,uniform|bit29,L1_1e-7,0,28,2,30,0.933333
015_input_bit_gemm,uniform|bit29,L2_1e-6,0,28,2,30,0.933333
015_input_bit_gemm,uniform|bit29,L3_1e-5,0,28,2,30,0.933333
015_input_bit_gemm,uniform|bit29,L4_1e-4,0,28,2,30,0.933333
015_input_bit_gemm,uniform|bit29,L5_1e-3,0,28,2,30,0.933333
015_input_bit_gemm,uniform|bit3,L1_1e-7,17,13,0,30,0.433333
015_input_bit_gemm,uniform|bit3,L2_1e-6,30,0,0,30,0.000000
015_input_bit_gemm,uniform|bit3,L3_1e-5,30,0,0,30,0.000000
015_input_bit_gemm,uniform|bit3,L4_1e-4,30,0,0,30,0.000000
015_input_bit_gemm,uniform|bit3,L5_1e-3,30,0,0,30,0.000000
015_input_bit_gemm,uniform|bit30,L1_1e-7,0,27,3,30,0.900000
015_input_bit_gemm,uniform|bit30,L2_1e-6,0,27,3,30,0.900000
015_input_bit_gemm,uniform|bit30,L3_1e-5,0,27,3,30,0.900000
015_input_bit_gemm,uniform|bit30,L4_1e-4,0,27,3,30,0.900000
015_input_bit_gemm,uniform|bit30,L5_1e-3,0,27,3,30,0.900000
015_input_bit_gemm,uniform|bit31,L1_1e-7,0,28,2,30,0.933333
015_input_bit_gemm,uniform|bit31,L2_1e-6,0,28,2,30,0.933333
015_input_bit_gemm,uniform|bit31,L3_1e-5,0,28,2,30,0.933333
015_input_bit_gemm,uniform|bit31,L4_1e-4,0,28,2,30,0.933333
015_input_bit_gemm,uniform|bit31,L5_1e-3,0,28,2,30,0.933333
015_input_bit_gemm,uniform|bit4,L1_1e-7,13,17,0,30,0.566667
015_input_bit_gemm,uniform|bit4,L2_1e-6,29,1,0,30,0.033333
015_input_bit_gemm,uniform|bit4,L3_1e-5,29,1,0,30,0.033333
015_input_bit_gemm,uniform|bit4,L4_1e-4,29,1,0,30,0.033333
015_input_bit_gemm,uniform|bit4,L5_1e-3,29,1,0,30,0.033333
015_input_bit_gemm,uniform|bit5,L1_1e-7,9,21,0,30,0.700000
015_input_bit_gemm,uniform|bit5,L2_1e-6,27,3,0,30,0.100000
015_input_bit_gemm,uniform|bit5,L3_1e-5,27,3,0,30,0.100000
015_input_bit_gemm,uniform|bit5,L4_1e-4,27,3,0,30,0.100000
015_input_bit_gemm,uniform|bit5,L5_1e-3,27,3,0,30,0.100000
015_input_bit_gemm,uniform|bit6,L1_1e-7,13,17,0,30,0.566667
015_input_bit_gemm,uniform|bit6,L2_1e-6,28,2,0,30,0.066667
015_input_bit_gemm,uniform|bit6,L3_1e-5,29,1,0,30,0.033333
015_input_bit_gemm,uniform|bit6,L4_1e-4,29,1,0,30,0.033333
015_input_bit_gemm,uniform|bit6,L5_1e-3,29,1,0,30,0.033333
015_input_bit_gemm,uniform|bit7,L1_1e-7,0,30,0,30,1.000000
015_input_bit_gemm,uniform|bit7,L2_1e-6,20,10,0,30,0.333333
015_input_bit_gemm,uniform|bit7,L3_1e-5,27,3,0,30,0.100000
015_input_bit_gemm,uniform|bit7,L4_1e-4,27,3,0,30,0.100000
015_input_bit_gemm,uniform|bit7,L5_1e-3,27,3,0,30,0.100000
015_input_bit_gemm,uniform|bit8,L1_1e-7,0,30,0,30,1.000000
015_input_bit_gemm,uniform|bit8,L2_1e-6,7,23,0,30,0.766667
015_input_bit_gemm,uniform|bit8,L3_1e-5,28,2,0,30,0.066667
015_input_bit_gemm,uniform|bit8,L4_1e-4,29,1,0,30,0.033333
015_input_bit_gemm,uniform|bit8,L5_1e-3,29,1,0,30,0.033333
015_input_bit_gemm,uniform|bit9,L1_1e-7,0,30,0,30,1.000000
015_input_bit_gemm,uniform|bit9,L2_1e-6,5,25,0,30,0.833333
015_input_bit_gemm,uniform|bit9,L3_1e-5,21,9,0,30,0.300000
015_input_bit_gemm,uniform|bit9,L4_1e-4,26,4,0,30,0.133333
015_input_bit_gemm,uniform|bit9,L5_1e-3,26,4,0,30,0.133333
016_input_instruction_gemm,extreme,L1_1e-7,0,186,0,186,1.000000
016_input_instruction_gemm,extreme,L2_1e-6,0,186,0,186,1.000000
016_input_instruction_gemm,extreme,L3_1e-5,0,186,0,186,1.000000
016_input_instruction_gemm,extreme,L4_1e-4,0,186,0,186,1.000000
016_input_instruction_gemm,extreme,L5_1e-3,0,186,0,186,1.000000
016_input_instruction_gemm,near_overflow,L1_1e-7,0,205,0,205,1.000000
016_input_instruction_gemm,near_overflow,L2_1e-6,0,205,0,205,1.000000
016_input_instruction_gemm,near_overflow,L3_1e-5,0,205,0,205,1.000000
016_input_instruction_gemm,near_overflow,L4_1e-4,0,205,0,205,1.000000
016_input_instruction_gemm,near_overflow,L5_1e-3,0,205,0,205,1.000000
016_input_instruction_gemm,near_zero,L1_1e-7,199,0,0,199,0.000000
016_input_instruction_gemm,near_zero,L2_1e-6,199,0,0,199,0.000000
016_input_instruction_gemm,near_zero,L3_1e-5,199,0,0,199,0.000000
016_input_instruction_gemm,near_zero,L4_1e-4,199,0,0,199,0.000000
016_input_instruction_gemm,near_zero,L5_1e-3,199,0,0,199,0.000000
016_input_instruction_gemm,normal,L1_1e-7,57,123,0,180,0.683333
016_input_instruction_gemm,normal,L2_1e-6,73,107,0,180,0.594444
016_input_instruction_gemm,normal,L3_1e-5,104,76,0,180,0.422222
016_input_instruction_gemm,normal,L4_1e-4,110,70,0,180,0.388889
016_input_instruction_gemm,normal,L5_1e-3,120,60,0,180,0.333333
016_input_instruction_gemm,ones,L1_1e-7,39,145,0,184,0.788043
016_input_instruction_gemm,ones,L2_1e-6,62,122,0,184,0.663043
016_input_instruction_gemm,ones,L3_1e-5,65,119,0,184,0.646739
016_input_instruction_gemm,ones,L4_1e-4,82,102,0,184,0.554348
016_input_instruction_gemm,ones,L5_1e-3,88,96,0,184,0.521739
016_input_instruction_gemm,uniform,L1_1e-7,39,158,0,197,0.802030
016_input_instruction_gemm,uniform,L2_1e-6,72,125,0,197,0.634518
016_input_instruction_gemm,uniform,L3_1e-5,93,104,0,197,0.527919
016_input_instruction_gemm,uniform,L4_1e-4,117,80,0,197,0.406091
016_input_instruction_gemm,uniform,L5_1e-3,144,53,0,197,0.269036
017_input_size_gemm,extreme,L1_1e-7,0,88,2,90,0.977778
017_input_size_gemm,extreme,L2_1e-6,0,88,2,90,0.977778
017_input_size_gemm,extreme,L3_1e-5,0,88,2,90,0.977778
017_input_size_gemm,extreme,L4_1e-4,0,88,2,90,0.977778
017_input_size_gemm,extreme,L5_1e-3,0,88,2,90,0.977778
017_input_size_gemm,near_overflow,L1_1e-7,0,84,6,90,0.933333
017_input_size_gemm,near_overflow,L2_1e-6,0,84,6,90,0.933333
017_input_size_gemm,near_overflow,L3_1e-5,0,84,6,90,0.933333
017_input_size_gemm,near_overflow,L4_1e-4,0,84,6,90,0.933333
017_input_size_gemm,near_overflow,L5_1e-3,0,84,6,90,0.933333
017_input_size_gemm,normal,L1_1e-7,12,75,3,90,0.833333
017_input_size_gemm,normal,L2_1e-6,15,72,3,90,0.800000
017_input_size_gemm,normal,L3_1e-5,22,65,3,90,0.722222
017_input_size_gemm,normal,L4_1e-4,37,50,3,90,0.555556
017_input_size_gemm,normal,L5_1e-3,54,33,3,90,0.366667
017_input_size_gemm,ones,L1_1e-7,29,59,2,90,0.655556
017_input_size_gemm,ones,L2_1e-6,35,53,2,90,0.588889
017_input_size_gemm,ones,L3_1e-5,41,47,2,90,0.522222
017_input_size_gemm,ones,L4_1e-4,54,34,2,90,0.377778
017_input_size_gemm,ones,L5_1e-3,67,21,2,90,0.233333
017_input_size_gemm,sparse,L1_1e-7,31,55,4,90,0.611111
017_input_size_gemm,sparse,L2_1e-6,44,42,4,90,0.466667
017_input_size_gemm,sparse,L3_1e-5,53,33,4,90,0.366667
017_input_size_gemm,sparse,L4_1e-4,60,26,4,90,0.288889
017_input_size_gemm,sparse,L5_1e-3,66,20,4,90,0.222222
017_input_size_gemm,uniform,L1_1e-7,9,74,7,90,0.822222
017_input_size_gemm,uniform,L2_1e-6,23,60,7,90,0.666667
017_input_size_gemm,uniform,L3_1e-5,30,53,7,90,0.588889
017_input_size_gemm,uniform,L4_1e-4,37,46,7,90,0.511111
017_input_size_gemm,uniform,L5_1e-3,41,42,7,90,0.466667
018_input_position_gemm,extreme,L1_1e-7,0,78,12,90,0.866667
018_input_position_gemm,extreme,L2_1e-6,0,78,12,90,0.866667
018_input_position_gemm,extreme,L3_1e-5,0,78,12,90,0.866667
018_input_position_gemm,extreme,L4_1e-4,0,78,12,90,0.866667
018_input_position_gemm,extreme,L5_1e-3,0,78,12,90,0.866667
018_input_position_gemm,near_overflow,L1_1e-7,0,88,2,90,0.977778
018_input_position_gemm,near_overflow,L2_1e-6,0,88,2,90,0.977778
018_input_position_gemm,near_overflow,L3_1e-5,0,88,2,90,0.977778
018_input_position_gemm,near_overflow,L4_1e-4,0,88,2,90,0.977778
018_input_position_gemm,near_overflow,L5_1e-3,0,88,2,90,0.977778
018_input_position_gemm,normal,L1_1e-7,20,69,1,90,0.766667
018_input_position_gemm,normal,L2_1e-6,33,56,1,90,0.622222
018_input_position_gemm,normal,L3_1e-5,39,50,1,90,0.555556
018_input_position_gemm,normal,L4_1e-4,49,40,1,90,0.444444
018_input_position_gemm,normal,L5_1e-3,56,33,1,90,0.366667
018_input_position_gemm,ones,L1_1e-7,35,54,1,90,0.600000
018_input_position_gemm,ones,L2_1e-6,45,44,1,90,0.488889
018_input_position_gemm,ones,L3_1e-5,56,33,1,90,0.366667
018_input_position_gemm,ones,L4_1e-4,56,33,1,90,0.366667
018_input_position_gemm,ones,L5_1e-3,58,31,1,90,0.344444
018_input_position_gemm,sparse,L1_1e-7,27,59,4,90,0.655556
018_input_position_gemm,sparse,L2_1e-6,29,57,4,90,0.633333
018_input_position_gemm,sparse,L3_1e-5,30,56,4,90,0.622222
018_input_position_gemm,sparse,L4_1e-4,34,52,4,90,0.577778
018_input_position_gemm,sparse,L5_1e-3,39,47,4,90,0.522222
018_input_position_gemm,uniform,L1_1e-7,21,63,6,90,0.700000
018_input_position_gemm,uniform,L2_1e-6,24,60,6,90,0.666667
018_input_position_gemm,uniform,L3_1e-5,25,59,6,90,0.655556
018_input_position_gemm,uniform,L4_1e-4,32,52,6,90,0.577778
018_input_position_gemm,uniform,L5_1e-3,42,42,6,90,0.466667
019_register_class_gemm,extreme,L1_1e-7,0,58,2,60,0.966667
019_register_class_gemm,extreme,L2_1e-6,0,58,2,60,0.966667
019_register_class_gemm,extreme,L3_1e-5,0,58,2,60,0.966667
019_register_class_gemm,extreme,L4_1e-4,0,58,2,60,0.966667
019_register_class_gemm,extreme,L5_1e-3,0,58,2,60,0.966667
019_register_class_gemm,near_overflow,L1_1e-7,0,60,0,60,1.000000
019_register_class_gemm,near_overflow,L2_1e-6,0,60,0,60,1.000000
019_register_class_gemm,near_overflow,L3_1e-5,0,60,0,60,1.000000
019_register_class_gemm,near_overflow,L4_1e-4,0,60,0,60,1.000000
019_register_class_gemm,near_overflow,L5_1e-3,0,60,0,60,1.000000
019_register_class_gemm,near_zero,L1_1e-7,59,0,1,60,0.000000
019_register_class_gemm,near_zero,L2_1e-6,59,0,1,60,0.000000
019_register_class_gemm,near_zero,L3_1e-5,59,0,1,60,0.000000
019_register_class_gemm,near_zero,L4_1e-4,59,0,1,60,0.000000
019_register_class_gemm,near_zero,L5_1e-3,59,0,1,60,0.000000
019_register_class_gemm,normal,L1_1e-7,22,37,1,60,0.616667
019_register_class_gemm,normal,L2_1e-6,35,24,1,60,0.400000
019_register_class_gemm,normal,L3_1e-5,36,23,1,60,0.383333
019_register_class_gemm,normal,L4_1e-4,37,22,1,60,0.366667
019_register_class_gemm,normal,L5_1e-3,38,21,1,60,0.350000
019_register_class_gemm,ones,L1_1e-7,35,25,0,60,0.416667
019_register_class_gemm,ones,L2_1e-6,35,25,0,60,0.416667
019_register_class_gemm,ones,L3_1e-5,58,2,0,60,0.033333
019_register_class_gemm,ones,L4_1e-4,58,2,0,60,0.033333
019_register_class_gemm,ones,L5_1e-3,58,2,0,60,0.033333
019_register_class_gemm,sparse,L1_1e-7,18,42,0,60,0.700000
019_register_class_gemm,sparse,L2_1e-6,34,26,0,60,0.433333
019_register_class_gemm,sparse,L3_1e-5,36,24,0,60,0.400000
019_register_class_gemm,sparse,L4_1e-4,39,21,0,60,0.350000
019_register_class_gemm,sparse,L5_1e-3,47,13,0,60,0.216667
019_register_class_gemm,uniform,L1_1e-7,18,41,1,60,0.683333
019_register_class_gemm,uniform,L2_1e-6,25,34,1,60,0.566667
019_register_class_gemm,uniform,L3_1e-5,32,27,1,60,0.450000
019_register_class_gemm,uniform,L4_1e-4,35,24,1,60,0.400000
019_register_class_gemm,uniform,L5_1e-3,44,15,1,60,0.250000
