experiment_id,level,masked,sdc,crash,total,sdc_rate
015_input_bit_gemm,L1_1e-7,1795,3736,229,5760,0.648611
015_input_bit_gemm,L2_1e-6,2268,3263,229,5760,0.566493
015_input_bit_gemm,L3_1e-5,2677,2854,229,5760,0.495486
015_input_bit_gemm,L4_1e-4,3177,2354,229,5760,0.408681
015_input_bit_gemm,L5_1e-3,3602,1929,229,5760,0.334896
016_input_instruction_gemm,L1_1e-7,334,426,0,760,0.560526
016_input_instruction_gemm,L2_1e-6,406,354,0,760,0.465789
016_input_instruction_gemm,L3_1e-5,461,299,0,760,0.393421
016_input_instruction_gemm,L4_1e-4,508,252,0,760,0.331579
016_input_instruction_gemm,L5_1e-3,551,209,0,760,0.275000
017_input_size_gemm,L1_1e-7,81,263,16,360,0.730556
017_input_size_gemm,L2_1e-6,117,227,16,360,0.630556
017_input_size_gemm,L3_1e-5,146,198,16,360,0.550000
017_input_size_gemm,L4_1e-4,188,156,16,360,0.433333
017_input_size_gemm,L5_1e-3,228,116,16,360,0.322222
018_input_position_gemm,L1_1e-7,103,245,12,360,0.680556
018_input_position_gemm,L2_1e-6,131,217,12,360,0.602778
018_input_position_gemm,L3_1e-5,150,198,12,360,0.550000
018_input_position_gemm,L4_1e-4,171,177,12,360,0.491667
018_input_position_gemm,L5_1e-3,195,153,12,360,0.425000
019_register_class_gemm,L1_1e-7,152,145,3,300,0.483333
019_register_class_gemm,L2_1e-6,188,109,3,300,0.363333
019_register_class_gemm,L3_1e-5,221,76,3,300,0.253333
019_register_class_gemm,L4_1e-4,228,69,3,300,0.230000
019_register_class_gemm,L5_1e-3,246,51,3,300,0.170000
