experiment_id,input,level,masked,sdc,crash,total,sdc_rate
015_input_bit_gemm,correlated,L1_1e-7,174,748,38,960,0.779167
015_input_bit_gemm,correlated,L2_1e-6,272,650,38,960,0.677083
015_input_bit_gemm,correlated,L3_1e-5,344,578,38,960,0.602083
015_input_bit_gemm,correlated,L4_1e-4,465,457,38,960,0.476042
015_input_bit_gemm,correlated,L5_1e-3,549,373,38,960,0.388542
015_input_bit_gemm,extreme,L1_1e-7,0,922,38,960,0.960417
015_input_bit_gemm,extreme,L2_1e-6,0,922,38,960,0.960417
015_input_bit_gemm,extreme,L3_1e-5,0,922,38,960,0.960417
015_input_bit_gemm,extreme,L4_1e-4,0,922,38,960,0.960417
015_input_bit_gemm,extreme,L5_1e-3,0,922,38,960,0.960417
015_input_bit_gemm,near_overflow,L1_1e-7,0,927,33,960,0.965625
015_input_bit_gemm,near_overflow,L2_1e-6,0,927,33,960,0.965625
015_input_bit_gemm,near_overflow,L3_1e-5,0,927,33,960,0.965625
015_input_bit_gemm,near_overflow,L4_1e-4,0,927,33,960,0.965625
015_input_bit_gemm,near_overflow,L5_1e-3,0,927,33,960,0.965625
015_input_bit_gemm,near_zero,L1_1e-7,883,29,48,960,0.030208
015_input_bit_gemm,near_zero,L2_1e-6,883,29,48,960,0.030208
015_input_bit_gemm,near_zero,L3_1e-5,883,29,48,960,0.030208
015_input_bit_gemm,near_zero,L4_1e-4,883,29,48,960,0.030208
015_input_bit_gemm,near_zero,L5_1e-3,883,29,48,960,0.030208
015_input_bit_gemm,normal,L1_1e-7,177,748,35,960,0.779167
015_input_bit_gemm,normal,L2_1e-6,279,646,35,960,0.672917
015_input_bit_gemm,normal,L3_1e-5,364,561,35,960,0.584375
015_input_bit_gemm,normal,L4_1e-4,454,471,35,960,0.490625
015_input_bit_gemm,normal,L5_1e-3,541,384,35,960,0.400000
015_input_bit_gemm,ones,L1_1e-7,165,765,30,960,0.796875
015_input_bit_gemm,ones,L2_1e-6,255,675,30,960,0.703125
015_input_bit_gemm,ones,L3_1e-5,346,584,30,960,0.608333
015_input_bit_gemm,ones,L4_1e-4,460,470,30,960,0.489583
015_input_bit_gemm,ones,L5_1e-3,544,386,30,960,0.402083
015_input_bit_gemm,sparse,L1_1e-7,260,662,38,960,0.689583
015_input_bit_gemm,sparse,L2_1e-6,337,585,38,960,0.609375
015_input_bit_gemm,sparse,L3_1e-5,425,497,38,960,0.517708
015_input_bit_gemm,sparse,L4_1e-4,505,417,38,960,0.434375
015_input_bit_gemm,sparse,L5_1e-3,582,340,38,960,0.354167
015_input_bit_gemm,uniform,L1_1e-7,136,784,40,960,0.816667
015_input_bit_gemm,uniform,L2_1e-6,242,678,40,960,0.706250
015_input_bit_gemm,uniform,L3_1e-5,315,605,40,960,0.630208
015_input_bit_gemm,uniform,L4_1e-4,410,510,40,960,0.531250
015_input_bit_gemm,uniform,L5_1e-3,503,417,40,960,0.434375
016_input_instruction_gemm,extreme,L1_1e-7,0,186,0,186,1.000000
016_input_instruction_gemm,extreme,L2_1e-6,0,186,0,186,1.000000
016_input_instruction_gemm,extreme,L3_1e-5,0,186,0,186,1.000000
016_input_instruction_gemm,extreme,L4_1e-4,0,186,0,186,1.000000
016_input_instruction_gemm,extreme,L5_1e-3,0,186,0,186,1.000000
016_input_instruction_gemm,near_overflow,L1_1e-7,0,205,0,205,1.000000
016_input_instruction_gemm,near_overflow,L2_1e-6,0,205,0,205,1.000000
016_input_instruction_gemm,near_overflow,L3_1e-5,0,205,0,205,1.000000
016_input_instruction_gemm,near_overflow,L4_1e-4,0,205,0,205,1.000000
016_input_instruction_gemm,near_overflow,L5_1e-3,0,205,0,205,1.000000
016_input_instruction_gemm,near_zero,L1_1e-7,199,0,0,199,0.000000
016_input_instruction_gemm,near_zero,L2_1e-6,199,0,0,199,0.000000
016_input_instruction_gemm,near_zero,L3_1e-5,199,0,0,199,0.000000
016_input_instruction_gemm,near_zero,L4_1e-4,199,0,0,199,0.000000
016_input_instruction_gemm,near_zero,L5_1e-3,199,0,0,199,0.000000
016_input_instruction_gemm,normal,L1_1e-7,57,123,0,180,0.683333
016_input_instruction_gemm,normal,L2_1e-6,73,107,0,180,0.594444
016_input_instruction_gemm,normal,L3_1e-5,104,76,0,180,0.422222
016_input_instruction_gemm,normal,L4_1e-4,110,70,0,180,0.388889
016_input_instruction_gemm,normal,L5_1e-3,120,60,0,180,0.333333
016_input_instruction_gemm,ones,L1_1e-7,39,145,0,184,0.788043
016_input_instruction_gemm,ones,L2_1e-6,62,122,0,184,0.663043
016_input_instruction_gemm,ones,L3_1e-5,65,119,0,184,0.646739
016_input_instruction_gemm,ones,L4_1e-4,82,102,0,184,0.554348
016_input_instruction_gemm,ones,L5_1e-3,88,96,0,184,0.521739
016_input_instruction_gemm,uniform,L1_1e-7,39,158,0,197,0.802030
016_input_instruction_gemm,uniform,L2_1e-6,72,125,0,197,0.634518
016_input_instruction_gemm,uniform,L3_1e-5,93,104,0,197,0.527919
016_input_instruction_gemm,uniform,L4_1e-4,117,80,0,197,0.406091
016_input_instruction_gemm,uniform,L5_1e-3,144,53,0,197,0.269036
017_input_size_gemm,extreme,L1_1e-7,0,88,2,90,0.977778
017_input_size_gemm,extreme,L2_1e-6,0,88,2,90,0.977778
017_input_size_gemm,extreme,L3_1e-5,0,88,2,90,0.977778
017_input_size_gemm,extreme,L4_1e-4,0,88,2,90,0.977778
017_input_size_gemm,extreme,L5_1e-3,0,88,2,90,0.977778
017_input_size_gemm,near_overflow,L1_1e-7,0,84,6,90,0.933333
017_input_size_gemm,near_overflow,L2_1e-6,0,84,6,90,0.933333
017_input_size_gemm,near_overflow,L3_1e-5,0,84,6,90,0.933333
017_input_size_gemm,near_overflow,L4_1e-4,0,84,6,90,0.933333
017_input_size_gemm,near_overflow,L5_1e-3,0,84,6,90,0.933333
017_input_size_gemm,normal,L1_1e-7,12,75,3,90,0.833333
017_input_size_gemm,normal,L2_1e-6,15,72,3,90,0.800000
017_input_size_gemm,normal,L3_1e-5,22,65,3,90,0.722222
017_input_size_gemm,normal,L4_1e-4,37,50,3,90,0.555556
017_input_size_gemm,normal,L5_1e-3,54,33,3,90,0.366667
017_input_size_gemm,ones,L1_1e-7,29,59,2,90,0.655556
017_input_size_gemm,ones,L2_1e-6,35,53,2,90,0.588889
017_input_size_gemm,ones,L3_1e-5,41,47,2,90,0.522222
017_input_size_gemm,ones,L4_1e-4,54,34,2,90,0.377778
017_input_size_gemm,ones,L5_1e-3,67,21,2,90,0.233333
017_input_size_gemm,sparse,L1_1e-7,31,55,4,90,0.611111
017_input_size_gemm,sparse,L2_1e-6,44,42,4,90,0.466667
017_input_size_gemm,sparse,L3_1e-5,53,33,4,90,0.366667
017_input_size_gemm,sparse,L4_1e-4,60,26,4,90,0.288889
017_input_size_gemm,sparse,L5_1e-3,66,20,4,90,0.222222
017_input_size_gemm,uniform,L1_1e-7,9,74,7,90,0.822222
017_input_size_gemm,uniform,L2_1e-6,23,60,7,90,0.666667
017_input_size_gemm,uniform,L3_1e-5,30,53,7,90,0.588889
017_input_size_gemm,uniform,L4_1e-4,37,46,7,90,0.511111
017_input_size_gemm,uniform,L5_1e-3,41,42,7,90,0.466667
018_input_position_gemm,extreme,L1_1e-7,0,78,12,90,0.866667
018_input_position_gemm,extreme,L2_1e-6,0,78,12,90,0.866667
018_input_position_gemm,extreme,L3_1e-5,0,78,12,90,0.866667
018_input_position_gemm,extreme,L4_1e-4,0,78,12,90,0.866667
018_input_position_gemm,extreme,L5_1e-3,0,78,12,90,0.866667
018_input_position_gemm,near_overflow,L1_1e-7,0,88,2,90,0.977778
018_input_position_gemm,near_overflow,L2_1e-6,0,88,2,90,0.977778
018_input_position_gemm,near_overflow,L3_1e-5,0,88,2,90,0.977778
018_input_position_gemm,near_overflow,L4_1e-4,0,88,2,90,0.977778
018_input_position_gemm,near_overflow,L5_1e-3,0,88,2,90,0.977778
018_input_position_gemm,normal,L1_1e-7,20,69,1,90,0.766667
018_input_position_gemm,normal,L2_1e-6,33,56,1,90,0.622222
018_input_position_gemm,normal,L3_1e-5,39,50,1,90,0.555556
018_input_position_gemm,normal,L4_1e-4,49,40,1,90,0.444444
018_input_position_gemm,normal,L5_1e-3,56,33,1,90,0.366667
018_input_position_gemm,ones,L1_1e-7,35,54,1,90,0.600000
018_input_position_gemm,ones,L2_1e-6,45,44,1,90,0.488889
018_input_position_gemm,ones,L3_1e-5,56,33,1,90,0.366667
018_input_position_gemm,ones,L4_1e-4,56,33,1,90,0.366667
018_input_position_gemm,ones,L5_1e-3,58,31,1,90,0.344444
018_input_position_gemm,sparse,L1_1e-7,27,59,4,90,0.655556
018_input_position_gemm,sparse,L2_1e-6,29,57,4,90,0.633333
018_input_position_gemm,sparse,L3_1e-5,30,56,4,90,0.622222
018_input_position_gemm,sparse,L4_1e-4,34,52,4,90,0.577778
018_input_position_gemm,sparse,L5_1e-3,39,47,4,90,0.522222
018_input_position_gemm,uniform,L1_1e-7,21,63,6,90,0.700000
018_input_position_gemm,uniform,L2_1e-6,24,60,6,90,0.666667
018_input_position_gemm,uniform,L3_1e-5,25,59,6,90,0.655556
018_input_position_gemm,uniform,L4_1e-4,32,52,6,90,0.577778
018_input_position_gemm,uniform,L5_1e-3,42,42,6,90,0.466667
019_register_class_gemm,extreme,L1_1e-7,0,58,2,60,0.966667
019_register_class_gemm,extreme,L2_1e-6,0,58,2,60,0.966667
019_register_class_gemm,extreme,L3_1e-5,0,58,2,60,0.966667
019_register_class_gemm,extreme,L4_1e-4,0,58,2,60,0.966667
019_register_class_gemm,extreme,L5_1e-3,0,58,2,60,0.966667
019_register_class_gemm,near_overflow,L1_1e-7,0,60,0,60,1.000000
019_register_class_gemm,near_overflow,L2_1e-6,0,60,0,60,1.000000
019_register_class_gemm,near_overflow,L3_1e-5,0,60,0,60,1.000000
019_register_class_gemm,near_overflow,L4_1e-4,0,60,0,60,1.000000
019_register_class_gemm,near_overflow,L5_1e-3,0,60,0,60,1.000000
019_register_class_gemm,near_zero,L1_1e-7,59,0,1,60,0.000000
019_register_class_gemm,near_zero,L2_1e-6,59,0,1,60,0.000000
019_register_class_gemm,near_zero,L3_1e-5,59,0,1,60,0.000000
019_register_class_gemm,near_zero,L4_1e-4,59,0,1,60,0.000000
019_register_class_gemm,near_zero,L5_1e-3,59,0,1,60,0.000000
019_register_class_gemm,normal,L1_1e-7,22,37,1,60,0.616667
019_register_class_gemm,normal,L2_1e-6,35,24,1,60,0.400000
019_register_class_gemm,normal,L3_1e-5,36,23,1,60,0.383333
019_register_class_gemm,normal,L4_1e-4,37,22,1,60,0.366667
019_register_class_gemm,normal,L5_1e-3,38,21,1,60,0.350000
019_register_class_gemm,ones,L1_1e-7,35,25,0,60,0.416667
019_register_class_gemm,ones,L2_1e-6,35,25,0,60,0.416667
019_register_class_gemm,ones,L3_1e-5,58,2,0,60,0.033333
019_register_class_gemm,ones,L4_1e-4,58,2,0,60,0.033333
019_register_class_gemm,ones,L5_1e-3,58,2,0,60,0.033333
019_register_class_gemm,sparse,L1_1e-7,18,42,0,60,0.700000
019_register_class_gemm,sparse,L2_1e-6,34,26,0,60,0.433333
019_register_class_gemm,sparse,L3_1e-5,36,24,0,60,0.400000
019_register_class_gemm,sparse,L4_1e-4,39,21,0,60,0.350000
019_register_class_gemm,sparse,L5_1e-3,47,13,0,60,0.216667
019_register_class_gemm,uniform,L1_1e-7,18,41,1,60,0.683333
019_register_class_gemm,uniform,L2_1e-6,25,34,1,60,0.566667
019_register_class_gemm,uniform,L3_1e-5,32,27,1,60,0.450000
019_register_class_gemm,uniform,L4_1e-4,35,24,1,60,0.400000
019_register_class_gemm,uniform,L5_1e-3,44,15,1,60,0.250000
