cell,total,masked,sdc,crash,not_targeted,not_injected,sdc_rate
extreme|[1024, 1024, 1024],30,0,26,4,0,0,0.866667
extreme|[128, 128, 128],30,3,27,0,0,0,0.900000
extreme|[512, 512, 512],30,1,29,0,0,0,0.966667
near_overflow|[1024, 1024, 1024],30,0,27,3,0,0,0.900000
near_overflow|[128, 128, 128],30,4,24,2,0,0,0.800000
near_overflow|[512, 512, 512],30,3,25,2,0,0,0.833333
normal|[1024, 1024, 1024],30,1,28,1,0,0,0.933333
normal|[128, 128, 128],30,0,29,1,0,0,0.966667
normal|[512, 512, 512],30,3,26,1,0,0,0.866667
ones|[1024, 1024, 1024],30,0,30,0,0,0,1.000000
ones|[128, 128, 128],30,2,26,2,0,0,0.866667
ones|[512, 512, 512],30,2,25,3,0,0,0.833333
sparse|[1024, 1024, 1024],30,1,27,2,0,0,0.900000
sparse|[128, 128, 128],30,0,28,2,0,0,0.933333
sparse|[512, 512, 512],30,1,29,0,0,0,0.966667
uniform|[1024, 1024, 1024],30,0,29,1,0,0,0.966667
uniform|[128, 128, 128],30,2,28,0,0,0,0.933333
uniform|[512, 512, 512],30,1,28,1,0,0,0.933333
