experiment_id,axis,cell,total,masked,sdc,crash,sdc_rate,ci_low,ci_high,mean_abs_err,max_abs_err,finite,nonfinite
015_input_bit_gemm,bit,correlated|bit0,30,8,22,0,0.733333,0.555517,0.858175,0.202699,4.45933,22,0
015_input_bit_gemm,bit,correlated|bit1,30,7,23,0,0.766667,0.590713,0.882078,1.52267,35.0213,23,0
015_input_bit_gemm,bit,correlated|bit10,30,0,30,0,1.000000,0.886483,1.000000,0.00124054,0.00390625,30,0
015_input_bit_gemm,bit,correlated|bit11,30,0,30,0,1.000000,0.886483,1.000000,242.475,3992.86,30,0
015_input_bit_gemm,bit,correlated|bit12,30,0,30,0,1.000000,0.886483,1.000000,255.462,3232.7,30,0
015_input_bit_gemm,bit,correlated|bit13,30,0,28,2,0.933333,0.786762,0.981523,0.00770787,0.03125,28,0
015_input_bit_gemm,bit,correlated|bit14,30,0,29,1,0.966667,0.833292,0.994092,0.0089406,0.0625,29,0
015_input_bit_gemm,bit,correlated|bit15,30,0,30,0,1.000000,0.886483,1.000000,0.0524741,0.125,30,0
015_input_bit_gemm,bit,correlated|bit16,30,0,27,3,0.900000,0.743786,0.965401,0.0530962,0.5,27,0
015_input_bit_gemm,bit,correlated|bit17,30,0,28,2,0.933333,0.786762,0.981523,0.185407,1,28,0
015_input_bit_gemm,bit,correlated|bit18,30,0,30,0,1.000000,0.886483,1.000000,0.329297,1,30,0
015_input_bit_gemm,bit,correlated|bit19,30,0,28,2,0.933333,0.786762,0.981523,0.352678,1.00001,28,0
015_input_bit_gemm,bit,correlated|bit2,30,0,30,0,1.000000,0.886483,1.000000,1.44696,43.4086,30,0
015_input_bit_gemm,bit,correlated|bit20,30,0,27,3,0.900000,0.743786,0.965401,1.42824,4,27,0
015_input_bit_gemm,bit,correlated|bit21,30,0,30,0,1.000000,0.886483,1.000000,1.29167,4.00001,30,0
015_input_bit_gemm,bit,correlated|bit22,30,0,29,1,0.966667,0.833292,0.994092,10.5862,16,29,0
015_input_bit_gemm,bit,correlated|bit23,30,0,29,1,0.966667,0.833292,0.994092,16.9407,47.3966,29,0
015_input_bit_gemm,bit,correlated|bit24,30,0,25,5,0.833333,0.664353,0.926636,28.3206,151.686,25,0
015_input_bit_gemm,bit,correlated|bit25,30,0,27,3,0.900000,0.743786,0.965401,82.5222,478.736,27,0
015_input_bit_gemm,bit,correlated|bit26,30,0,29,1,0.966667,0.833292,0.994092,4867.81,13022.8,29,0
015_input_bit_gemm,bit,correlated|bit27,30,0,27,3,0.900000,0.743786,0.965401,1.16893e+06,3.1432e+06,27,0
015_input_bit_gemm,bit,correlated|bit28,30,0,30,0,1.000000,0.886483,1.000000,8.69656e+10,2.23098e+11,30,0
015_input_bit_gemm,bit,correlated|bit29,30,0,27,3,0.900000,0.743786,0.965401,4.01388e+20,1.0329e+21,27,0
015_input_bit_gemm,bit,correlated|bit3,30,0,30,0,1.000000,0.886483,1.000000,1.66575e-05,3.05176e-05,30,0
015_input_bit_gemm,bit,correlated|bit30,30,0,25,5,0.833333,0.664353,0.926636,6.65823e+36,1.02289e+38,25,7
015_input_bit_gemm,bit,correlated|bit31,30,0,27,3,0.900000,0.743786,0.965401,27.0483,102.584,27,0
015_input_bit_gemm,bit,correlated|bit4,30,0,30,0,1.000000,0.886483,1.000000,2.40326e-05,6.10352e-05,30,0
015_input_bit_gemm,bit,correlated|bit5,30,1,29,0,0.966667,0.833292,0.994092,3.18107,92.2488,29,0
015_input_bit_gemm,bit,correlated|bit6,30,0,30,0,1.000000,0.886483,1.000000,0.232809,6.98282,30,0
015_input_bit_gemm,bit,correlated|bit7,30,0,30,0,1.000000,0.886483,1.000000,68.3245,1172.99,30,0
015_input_bit_gemm,bit,correlated|bit8,30,0,30,0,1.000000,0.886483,1.000000,0.000278219,0.000976562,30,0
015_input_bit_gemm,bit,correlated|bit9,30,0,30,0,1.000000,0.886483,1.000000,10.5065,315.181,30,0
015_input_bit_gemm,bit,extreme|bit0,30,2,28,0,0.933333,0.786762,0.981523,0,0,0,28
015_input_bit_gemm,bit,extreme|bit1,30,2,28,0,0.933333,0.786762,0.981523,0,0,0,28
015_input_bit_gemm,bit,extreme|bit10,30,0,30,0,1.000000,0.886483,1.000000,0,0,0,30
015_input_bit_gemm,bit,extreme|bit11,30,7,23,0,0.766667,0.590713,0.882078,0,0,0,23
015_input_bit_gemm,bit,extreme|bit12,30,0,30,0,1.000000,0.886483,1.000000,0,0,0,30
015_input_bit_gemm,bit,extreme|bit13,30,0,28,2,0.933333,0.786762,0.981523,0,0,0,28
015_input_bit_gemm,bit,extreme|bit14,30,0,27,3,0.900000,0.743786,0.965401,0,0,0,27
015_input_bit_gemm,bit,extreme|bit15,30,0,28,2,0.933333,0.786762,0.981523,0,0,0,28
015_input_bit_gemm,bit,extreme|bit16,30,0,27,3,0.900000,0.743786,0.965401,0,0,0,27
015_input_bit_gemm,bit,extreme|bit17,30,0,23,7,0.766667,0.590713,0.882078,0,0,0,23
015_input_bit_gemm,bit,extreme|bit18,30,6,23,1,0.766667,0.590713,0.882078,0,0,0,23
015_input_bit_gemm,bit,extreme|bit19,30,5,20,5,0.666667,0.487797,0.807697,0,0,0,20
015_input_bit_gemm,bit,extreme|bit2,30,1,29,0,0.966667,0.833292,0.994092,0,0,0,29
015_input_bit_gemm,bit,extreme|bit20,30,0,30,0,1.000000,0.886483,1.000000,0,0,0,30
015_input_bit_gemm,bit,extreme|bit21,30,12,18,0,0.600000,0.423201,0.754096,0,0,0,18
015_input_bit_gemm,bit,extreme|bit22,30,0,27,3,0.900000,0.743786,0.965401,0,0,0,27
015_input_bit_gemm,bit,extreme|bit23,30,23,7,0,0.233333,0.117922,0.409287,0,0,0,7
015_input_bit_gemm,bit,extreme|bit24,30,18,9,3,0.300000,0.166646,0.478761,0,0,0,9
015_input_bit_gemm,bit,extreme|bit25,30,17,12,1,0.400000,0.245904,0.576799,0,0,0,12
015_input_bit_gemm,bit,extreme|bit26,30,11,17,2,0.566667,0.391970,0.726228,0,0,0,17
015_input_bit_gemm,bit,extreme|bit27,30,13,17,0,0.566667,0.391970,0.726228,0,0,0,17
015_input_bit_gemm,bit,extreme|bit28,30,17,11,2,0.366667,0.218737,0.544868,0,0,0,11
015_input_bit_gemm,bit,extreme|bit29,30,11,18,1,0.600000,0.423201,0.754096,0,0,0,18
015_input_bit_gemm,bit,extreme|bit3,30,0,30,0,1.000000,0.886483,1.000000,0,0,0,30
015_input_bit_gemm,bit,extreme|bit30,30,19,9,2,0.300000,0.166646,0.478761,0,0,0,9
015_input_bit_gemm,bit,extreme|bit31,30,0,29,1,0.966667,0.833292,0.994092,0,0,0,29
015_input_bit_gemm,bit,extreme|bit4,30,1,29,0,0.966667,0.833292,0.994092,0,0,0,29
015_input_bit_gemm,bit,extreme|bit5,30,3,27,0,0.900000,0.743786,0.965401,0,0,0,27
015_input_bit_gemm,bit,extreme|bit6,30,0,30,0,1.000000,0.886483,1.000000,0,0,0,30
015_input_bit_gemm,bit,extreme|bit7,30,0,30,0,1.000000,0.886483,1.000000,0,0,0,30
015_input_bit_gemm,bit,extreme|bit8,30,2,28,0,0.933333,0.786762,0.981523,0,0,0,28
015_input_bit_gemm,bit,extreme|bit9,30,1,29,0,0.966667,0.833292,0.994092,0,0,0,29
015_input_bit_gemm,bit,near_overflow|bit0,30,14,16,0,0.533333,0.361420,0.697679,3.16913e+30,2.02824e+31,16,16
015_input_bit_gemm,bit,near_overflow|bit1,30,10,20,0,0.666667,0.487797,0.807697,2.5353e+30,2.02824e+31,20,20
015_input_bit_gemm,bit,near_overflow|bit10,30,5,25,0,0.833333,0.664353,0.926636,2.59615e+33,2.07692e+34,25,25
015_input_bit_gemm,bit,near_overflow|bit11,30,0,30,0,1.000000,0.886483,1.000000,0,0,30,30
015_input_bit_gemm,bit,near_overflow|bit12,30,6,24,0,0.800000,0.626940,0.904950,6.05768e+33,8.30767e+34,24,24
015_input_bit_gemm,bit,near_overflow|bit13,30,3,25,2,0.833333,0.664353,0.926636,1.99384e+34,1.66153e+35,25,25
015_input_bit_gemm,bit,near_overflow|bit14,30,3,25,2,0.833333,0.664353,0.926636,1.66153e+34,3.32307e+35,25,25
015_input_bit_gemm,bit,near_overflow|bit15,30,10,18,2,0.600000,0.423201,0.754096,1.01538e+35,6.64614e+35,18,18
015_input_bit_gemm,bit,near_overflow|bit16,30,13,15,2,0.500000,0.331539,0.668461,1.32923e+35,1.32923e+36,15,15
015_input_bit_gemm,bit,near_overflow|bit17,30,12,18,0,0.600000,0.423201,0.754096,1.47692e+35,1.32923e+36,18,18
015_input_bit_gemm,bit,near_overflow|bit18,30,4,25,1,0.833333,0.664353,0.926636,2.12676e+35,5.31691e+36,25,25
015_input_bit_gemm,bit,near_overflow|bit19,30,3,23,4,0.766667,0.590713,0.882078,2.88963e+35,5.31691e+36,23,23
015_input_bit_gemm,bit,near_overflow|bit2,30,18,12,0,0.400000,0.245904,0.576799,1.35216e+31,8.11296e+31,12,12
015_input_bit_gemm,bit,near_overflow|bit20,30,12,17,1,0.566667,0.391970,0.726228,0,0,17,17
015_input_bit_gemm,bit,near_overflow|bit21,30,5,22,3,0.733333,0.555517,0.858175,0,0,22,22
015_input_bit_gemm,bit,near_overflow|bit22,30,15,14,1,0.466667,0.302321,0.638580,3.03824e+36,4.25353e+37,14,14
015_input_bit_gemm,bit,near_overflow|bit23,30,16,12,2,0.400000,0.245904,0.576799,0,0,12,12
015_input_bit_gemm,bit,near_overflow|bit24,30,18,9,3,0.300000,0.166646,0.478761,1.67694e+37,1.50925e+38,9,9
015_input_bit_gemm,bit,near_overflow|bit25,30,12,15,3,0.500000,0.331539,0.668461,3.52154e+36,5.28232e+37,15,15
015_input_bit_gemm,bit,near_overflow|bit26,30,9,21,0,0.700000,0.521239,0.833354,3.04278e+37,2.96728e+38,21,21
015_input_bit_gemm,bit,near_overflow|bit27,30,17,13,0,0.433333,0.273772,0.608030,0,0,13,13
015_input_bit_gemm,bit,near_overflow|bit28,30,10,20,0,0.666667,0.487797,0.807697,2.22334e+37,3.15916e+38,20,20
015_input_bit_gemm,bit,near_overflow|bit29,30,20,8,2,0.266667,0.141825,0.444483,0,0,8,8
015_input_bit_gemm,bit,near_overflow|bit3,30,14,16,0,0.533333,0.361420,0.697679,1.14089e+31,1.62259e+32,16,16
015_input_bit_gemm,bit,near_overflow|bit30,30,14,16,0,0.533333,0.361420,0.697679,1.92328e+37,1.26619e+38,16,16
015_input_bit_gemm,bit,near_overflow|bit31,30,13,12,5,0.400000,0.245904,0.576799,2.12713e+37,2.55255e+38,12,12
015_input_bit_gemm,bit,near_overflow|bit4,30,8,22,0,0.733333,0.555517,0.858175,9.21928e+29,2.02824e+31,22,22
015_input_bit_gemm,bit,near_overflow|bit5,30,6,24,0,0.800000,0.626940,0.904950,4.73256e+31,6.49037e+32,24,24
015_input_bit_gemm,bit,near_overflow|bit6,30,14,16,0,0.533333,0.361420,0.697679,1.6343e+37,2.61486e+38,16,16
015_input_bit_gemm,bit,near_overflow|bit7,30,15,15,0,0.500000,0.331539,0.668461,3.46153e+32,2.59615e+33,15,15
015_input_bit_gemm,bit,near_overflow|bit8,30,4,26,0,0.866667,0.703183,0.946904,1.99704e+32,2.59615e+33,26,26
015_input_bit_gemm,bit,near_overflow|bit9,30,6,24,0,0.800000,0.626940,0.904950,4.32691e+32,5.1923e+33,24,24
015_input_bit_gemm,bit,near_zero|bit0,30,2,28,0,0.933333,0.786762,0.981523,1.4013e-45,1.4013e-45,28,0
015_input_bit_gemm,bit,near_zero|bit1,30,0,30,0,1.000000,0.886483,1.000000,2.8026e-45,2.8026e-45,30,0
015_input_bit_gemm,bit,near_zero|bit10,30,3,27,0,0.900000,0.743786,0.965401,1.43493e-42,1.43493e-42,27,0
015_input_bit_gemm,bit,near_zero|bit11,30,1,29,0,0.966667,0.833292,0.994092,2.86986e-42,2.86986e-42,29,0
015_input_bit_gemm,bit,near_zero|bit12,30,0,30,0,1.000000,0.886483,1.000000,5.73972e-42,5.73972e-42,30,0
015_input_bit_gemm,bit,near_zero|bit13,30,1,25,4,0.833333,0.664353,0.926636,1.14794e-41,1.14794e-41,25,0
015_input_bit_gemm,bit,near_zero|bit14,30,0,26,4,0.866667,0.703183,0.946904,2.29589e-41,2.29589e-41,26,0
015_input_bit_gemm,bit,near_zero|bit15,30,1,27,2,0.900000,0.743786,0.965401,4.59177e-41,4.59177e-41,27,0
015_input_bit_gemm,bit,near_zero|bit16,30,0,29,1,0.966667,0.833292,0.994092,9.18355e-41,9.18355e-41,29,0
015_input_bit_gemm,bit,near_zero|bit17,30,0,28,2,0.933333,0.786762,0.981523,1.83671e-40,1.83671e-40,28,0
015_input_bit_gemm,bit,near_zero|bit18,30,0,29,1,0.966667,0.833292,0.994092,3.67342e-40,3.67342e-40,29,0
015_input_bit_gemm,bit,near_zero|bit19,30,0,29,1,0.966667,0.833292,0.994092,7.34684e-40,7.34684e-40,29,0
015_input_bit_gemm,bit,near_zero|bit2,30,2,28,0,0.933333,0.786762,0.981523,5.60519e-45,5.60519e-45,28,0
015_input_bit_gemm,bit,near_zero|bit20,30,0,27,3,0.900000,0.743786,0.965401,1.46937e-39,1.46937e-39,27,0
015_input_bit_gemm,bit,near_zero|bit21,30,0,29,1,0.966667,0.833292,0.994092,2.93874e-39,2.93874e-39,29,0
015_input_bit_gemm,bit,near_zero|bit22,30,1,25,4,0.833333,0.664353,0.926636,5.87747e-39,5.87747e-39,25,0
015_input_bit_gemm,bit,near_zero|bit23,30,0,26,4,0.866667,0.703183,0.946904,1.17549e-38,1.17549e-38,26,0
015_input_bit_gemm,bit,near_zero|bit24,30,0,27,3,0.900000,0.743786,0.965401,2.35099e-38,2.35099e-38,27,0
015_input_bit_gemm,bit,near_zero|bit25,30,0,26,4,0.866667,0.703183,0.946904,9.40395e-38,9.40395e-38,26,0
015_input_bit_gemm,bit,near_zero|bit26,30,0,29,1,0.966667,0.833292,0.994092,1.50463e-36,1.50463e-36,29,0
015_input_bit_gemm,bit,near_zero|bit27,30,0,23,7,0.766667,0.590713,0.882078,3.85186e-34,3.85186e-34,23,0
015_input_bit_gemm,bit,near_zero|bit28,30,0,28,2,0.933333,0.786762,0.981523,2.52435e-29,2.52435e-29,28,0
015_input_bit_gemm,bit,near_zero|bit29,30,0,29,1,0.966667,0.833292,0.994092,1.0842e-19,1.0842e-19,29,0
015_input_bit_gemm,bit,near_zero|bit3,30,2,28,0,0.933333,0.786762,0.981523,1.12104e-44,1.12104e-44,28,0
015_input_bit_gemm,bit,near_zero|bit30,30,0,29,1,0.966667,0.833292,0.994092,2,2,29,0
015_input_bit_gemm,bit,near_zero|bit31,30,28,0,2,0.000000,0.000000,0.113517,0,0,0,0
015_input_bit_gemm,bit,near_zero|bit4,30,3,27,0,0.900000,0.743786,0.965401,2.24208e-44,2.24208e-44,27,0
015_input_bit_gemm,bit,near_zero|bit5,30,0,30,0,1.000000,0.886483,1.000000,4.48416e-44,4.48416e-44,30,0
015_input_bit_gemm,bit,near_zero|bit6,30,1,29,0,0.966667,0.833292,0.994092,8.96831e-44,8.96831e-44,29,0
015_input_bit_gemm,bit,near_zero|bit7,30,4,26,0,0.866667,0.703183,0.946904,1.79366e-43,1.79366e-43,26,0
015_input_bit_gemm,bit,near_zero|bit8,30,5,25,0,0.833333,0.664353,0.926636,3.58732e-43,3.58732e-43,25,0
015_input_bit_gemm,bit,near_zero|bit9,30,1,29,0,0.966667,0.833292,0.994092,7.17465e-43,7.17465e-43,29,0
015_input_bit_gemm,bit,normal|bit0,30,16,14,0,0.466667,0.302321,0.638580,2.65553,33.5419,14,0
015_input_bit_gemm,bit,normal|bit1,30,10,20,0,0.666667,0.487797,0.807697,3.00407e-06,7.62939e-06,20,0
015_input_bit_gemm,bit,normal|bit10,30,0,30,0,1.000000,0.886483,1.000000,0.00107422,0.00195312,30,0
015_input_bit_gemm,bit,normal|bit11,30,0,30,0,1.000000,0.886483,1.000000,7.86142,235.778,30,0
015_input_bit_gemm,bit,normal|bit12,30,0,30,0,1.000000,0.886483,1.000000,58.0722,901.085,30,0
015_input_bit_gemm,bit,normal|bit13,30,0,30,0,1.000000,0.886483,1.000000,0.0120199,0.03125,30,0
015_input_bit_gemm,bit,normal|bit14,30,12,17,1,0.566667,0.391970,0.726228,0.0207089,0.0625,17,0
015_input_bit_gemm,bit,normal|bit15,30,0,26,4,0.866667,0.703183,0.946904,0.036208,0.125,26,0
015_input_bit_gemm,bit,normal|bit16,30,0,28,2,0.933333,0.786762,0.981523,0.0512698,0.125003,28,0
015_input_bit_gemm,bit,normal|bit17,30,0,26,4,0.866667,0.703183,0.946904,0.117037,0.25,26,0
015_input_bit_gemm,bit,normal|bit18,30,0,29,1,0.966667,0.833292,0.994092,0.321255,1,29,0
015_input_bit_gemm,bit,normal|bit19,30,0,28,2,0.933333,0.786762,0.981523,0.527344,2,28,0
015_input_bit_gemm,bit,normal|bit2,30,6,24,0,0.800000,0.626940,0.904950,6.4373e-06,1.52588e-05,24,0
015_input_bit_gemm,bit,normal|bit20,30,0,28,2,0.933333,0.786762,0.981523,1.04241,2.00001,28,0
015_input_bit_gemm,bit,normal|bit21,30,0,27,3,0.900000,0.743786,0.965401,1.39178,4.00001,27,0
015_input_bit_gemm,bit,normal|bit22,30,0,29,1,0.966667,0.833292,0.994092,6.25862,16,29,0
015_input_bit_gemm,bit,normal|bit23,30,0,28,2,0.933333,0.786762,0.981523,5.55169,15.2006,28,0
015_input_bit_gemm,bit,normal|bit24,30,0,28,2,0.933333,0.786762,0.981523,30.8138,144.494,28,0
015_input_bit_gemm,bit,normal|bit25,30,0,30,0,1.000000,0.886483,1.000000,156.282,410.069,30,0
015_input_bit_gemm,bit,normal|bit26,30,12,18,0,0.600000,0.423201,0.754096,4028.62,6920.99,18,0
015_input_bit_gemm,bit,normal|bit27,30,0,29,1,0.966667,0.833292,0.994092,819203,3.25214e+06,29,0
015_input_bit_gemm,bit,normal|bit28,30,3,24,3,0.800000,0.626940,0.904950,8.07172e+10,2.56142e+11,24,0
015_input_bit_gemm,bit,normal|bit29,30,4,24,2,0.800000,0.626940,0.904950,2.96577e+20,6.53322e+20,24,0
015_input_bit_gemm,bit,normal|bit3,30,2,28,0,0.933333,0.786762,0.981523,5.57733,85.5934,28,0
015_input_bit_gemm,bit,normal|bit30,30,0,27,3,0.900000,0.743786,0.965401,2.94556e+36,7.95302e+37,27,1
015_input_bit_gemm,bit,normal|bit31,30,0,28,2,0.933333,0.786762,0.981523,24.4521,66.674,28,0
015_input_bit_gemm,bit,normal|bit4,30,3,27,0,0.900000,0.743786,0.965401,2.38772e-05,6.10352e-05,27,0
015_input_bit_gemm,bit,normal|bit5,30,1,29,0,0.966667,0.833292,0.994092,3.02545e-05,0.00012207,29,0
015_input_bit_gemm,bit,normal|bit6,30,0,30,0,1.000000,0.886483,1.000000,2.60796,53.7784,30,0
015_input_bit_gemm,bit,normal|bit7,30,1,29,0,0.966667,0.833292,0.994092,1.24933,36.2274,29,0
015_input_bit_gemm,bit,normal|bit8,30,0,30,0,1.000000,0.886483,1.000000,21.2611,624.868,30,0
015_input_bit_gemm,bit,normal|bit9,30,0,30,0,1.000000,0.886483,1.000000,0.000394758,0.00195312,30,0
015_input_bit_gemm,bit,ones|bit0,30,28,2,0,0.066667,0.018477,0.213238,512,512,2,0
015_input_bit_gemm,bit,ones|bit1,30,16,14,0,0.466667,0.302321,0.638580,73.1429,1024,14,0
015_input_bit_gemm,bit,ones|bit10,30,0,30,0,1.000000,0.886483,1.000000,25736.6,261120,30,0
015_input_bit_gemm,bit,ones|bit11,30,0,30,0,1.000000,0.886483,1.000000,0.0408854,0.0625,30,0
015_input_bit_gemm,bit,ones|bit12,30,0,30,0,1.000000,0.886483,1.000000,15240.6,261120,30,0
015_input_bit_gemm,bit,ones|bit13,30,0,28,2,0.933333,0.786762,0.981523,0.197545,0.25,28,0
015_input_bit_gemm,bit,ones|bit14,30,0,30,0,1.000000,0.886483,1.000000,0.383333,0.5,30,0
015_input_bit_gemm,bit,ones|bit15,30,0,27,3,0.900000,0.743786,0.965401,0.75,1,27,0
015_input_bit_gemm,bit,ones|bit16,30,0,29,1,0.966667,0.833292,0.994092,1.5819,2,29,0
015_input_bit_gemm,bit,ones|bit17,30,0,29,1,0.966667,0.833292,0.994092,2.00054,4,29,0
015_input_bit_gemm,bit,ones|bit18,30,0,29,1,0.966667,0.833292,0.994092,6.31034,8,29,0
015_input_bit_gemm,bit,ones|bit19,30,0,29,1,0.966667,0.833292,0.994092,8.82759,16,29,0
015_input_bit_gemm,bit,ones|bit2,30,11,19,0,0.633333,0.455132,0.781263,8.67342e-05,0.00012207,19,0
015_input_bit_gemm,bit,ones|bit20,30,0,29,1,0.966667,0.833292,0.994092,19.6552,32,29,0
015_input_bit_gemm,bit,ones|bit21,30,0,26,4,0.866667,0.703183,0.946904,64,64,26,0
015_input_bit_gemm,bit,ones|bit22,30,0,28,2,0.933333,0.786762,0.981523,70.8571,128,28,0
015_input_bit_gemm,bit,ones|bit23,30,0,30,0,1.000000,0.886483,1.000000,181.25,254,30,0
015_input_bit_gemm,bit,ones|bit24,30,0,30,0,1.000000,0.886483,1.000000,273.925,366,30,0
015_input_bit_gemm,bit,ones|bit25,30,0,30,0,1.000000,0.886483,1.000000,102.562,180,30,0
015_input_bit_gemm,bit,ones|bit26,30,0,28,2,0.933333,0.786762,0.981523,70307.1,125715,28,0
015_input_bit_gemm,bit,ones|bit27,30,0,26,4,0.866667,0.703183,0.946904,1.91689e+07,3.33573e+07,26,0
015_input_bit_gemm,bit,ones|bit28,30,0,28,2,0.933333,0.786762,0.981523,9.17742e+11,2.13889e+12,28,0
015_input_bit_gemm,bit,ones|bit29,30,0,28,2,0.933333,0.786762,0.981523,5.24612e+21,7.78453e+21,28,0
015_input_bit_gemm,bit,ones|bit3,30,2,28,0,0.933333,0.786762,0.981523,146.286,4096,28,0
015_input_bit_gemm,bit,ones|bit30,30,0,30,0,1.000000,0.886483,1.000000,185.2,377,30,0
015_input_bit_gemm,bit,ones|bit31,30,0,26,4,0.866667,0.703183,0.946904,265.308,654,26,0
015_input_bit_gemm,bit,ones|bit4,30,1,29,0,0.966667,0.833292,0.994092,847.449,8192,29,0
015_input_bit_gemm,bit,ones|bit5,30,0,30,0,1.000000,0.886483,1.000000,972.801,14848,30,0
015_input_bit_gemm,bit,ones|bit6,30,6,24,0,0.800000,0.626940,0.904950,1322.67,31744,24,0
015_input_bit_gemm,bit,ones|bit7,30,6,24,0,0.800000,0.626940,0.904950,2432,58368,24,0
015_input_bit_gemm,bit,ones|bit8,30,0,30,0,1.000000,0.886483,1.000000,14097.1,123904,30,0
015_input_bit_gemm,bit,ones|bit9,30,0,30,0,1.000000,0.886483,1.000000,8669.87,260096,30,0
015_input_bit_gemm,bit,sparse|bit0,30,18,12,0,0.400000,0.245904,0.576799,0.0453331,0.543996,12,0
015_input_bit_gemm,bit,sparse|bit1,30,6,24,0,0.800000,0.626940,0.904950,2.41523e-07,4.76837e-07,24,0
015_input_bit_gemm,bit,sparse|bit10,30,4,26,0,0.866667,0.703183,0.946904,0.950046,17.7668,26,0
015_input_bit_gemm,bit,sparse|bit11,30,6,24,0,0.800000,0.626940,0.904950,0.628573,15.0812,24,0
015_input_bit_gemm,bit,sparse|bit12,30,7,23,0,0.766667,0.590713,0.882078,0.000315127,0.000976562,23,0
015_input_bit_gemm,bit,sparse|bit13,30,1,26,3,0.866667,0.703183,0.946904,0.000981258,0.00390625,26,0
015_input_bit_gemm,bit,sparse|bit14,30,3,25,2,0.833333,0.664353,0.926636,0.00164185,0.0078125,25,0
015_input_bit_gemm,bit,sparse|bit15,30,1,28,1,0.933333,0.786762,0.981523,0.00267356,0.0078125,28,0
015_input_bit_gemm,bit,sparse|bit16,30,2,27,1,0.900000,0.743786,0.965401,0.00738299,0.0625,27,0
015_input_bit_gemm,bit,sparse|bit17,30,2,22,6,0.733333,0.555517,0.858175,0.01292,0.03125,22,0
015_input_bit_gemm,bit,sparse|bit18,30,5,23,2,0.766667,0.590713,0.882078,0.0279833,0.125,23,0
015_input_bit_gemm,bit,sparse|bit19,30,2,25,3,0.833333,0.664353,0.926636,0.0515625,0.25,25,0
015_input_bit_gemm,bit,sparse|bit2,30,9,21,0,0.700000,0.521239,0.833354,0.231252,4.85629,21,0
015_input_bit_gemm,bit,sparse|bit20,30,2,26,2,0.866667,0.703183,0.946904,0.110276,0.25,26,0
015_input_bit_gemm,bit,sparse|bit21,30,0,28,2,0.933333,0.786762,0.981523,0.246094,1,28,0
015_input_bit_gemm,bit,sparse|bit22,30,11,18,1,0.600000,0.423201,0.754096,0.454861,1,18,0
015_input_bit_gemm,bit,sparse|bit23,30,1,26,3,0.866667,0.703183,0.946904,1.01429,9.48655,26,0
015_input_bit_gemm,bit,sparse|bit24,30,12,17,1,0.566667,0.391970,0.726228,0.704295,1.41838,17,0
015_input_bit_gemm,bit,sparse|bit25,30,9,21,0,0.700000,0.521239,0.833354,6.94961,48.4914,21,0
015_input_bit_gemm,bit,sparse|bit26,30,4,23,3,0.766667,0.590713,0.882078,59.217,744.366,23,0
015_input_bit_gemm,bit,sparse|bit27,30,8,22,0,0.733333,0.555517,0.858175,87126.5,327687,22,0
015_input_bit_gemm,bit,sparse|bit28,30,13,17,0,0.566667,0.391970,0.726228,1.00863e+09,1.71467e+10,17,0
015_input_bit_gemm,bit,sparse|bit29,30,7,22,1,0.733333,0.555517,0.858175,5.03343e+18,6.82986e+19,22,0
015_input_bit_gemm,bit,sparse|bit3,30,4,25,1,0.833333,0.664353,0.926636,0.196414,4.91032,25,0
015_input_bit_gemm,bit,sparse|bit30,30,0,26,4,0.866667,0.703183,0.946904,6.38066e+37,2.94086e+38,26,5
015_input_bit_gemm,bit,sparse|bit31,30,1,27,2,0.900000,0.743786,0.965401,3.37001,12.9727,27,0
015_input_bit_gemm,bit,sparse|bit4,30,2,28,0,0.933333,0.786762,0.981523,0.108631,2.96728,28,0
015_input_bit_gemm,bit,sparse|bit5,30,8,22,0,0.733333,0.555517,0.858175,0.0748181,1.627,22,0
015_input_bit_gemm,bit,sparse|bit6,30,3,27,0,0.900000,0.743786,0.965401,0.402517,6.36575,27,0
015_input_bit_gemm,bit,sparse|bit7,30,0,30,0,1.000000,0.886483,1.000000,0.990048,23.1344,30,0
015_input_bit_gemm,bit,sparse|bit8,30,2,28,0,0.933333,0.786762,0.981523,1.17571,21.8533,28,0
015_input_bit_gemm,bit,sparse|bit9,30,3,27,0,0.900000,0.743786,0.965401,0.852147,10.0966,27,0
015_input_bit_gemm,bit,uniform|bit0,30,12,18,0,0.600000,0.423201,0.754096,0.313636,4.23626,18,0
015_input_bit_gemm,bit,uniform|bit1,30,16,14,0,0.466667,0.302321,0.638580,0.472042,4.0583,14,0
015_input_bit_gemm,bit,uniform|bit10,30,0,30,0,1.000000,0.886483,1.000000,5.52262,77.738,30,0
015_input_bit_gemm,bit,uniform|bit11,30,0,30,0,1.000000,0.886483,1.000000,2.41509,72.421,30,0
015_input_bit_gemm,bit,uniform|bit12,30,0,30,0,1.000000,0.886483,1.000000,11.1907,131.625,30,0
015_input_bit_gemm,bit,uniform|bit13,30,0,27,3,0.900000,0.743786,0.965401,0.00320662,0.0078125,27,0
015_input_bit_gemm,bit,uniform|bit14,30,0,29,1,0.966667,0.833292,0.994092,0.00525749,0.015625,29,0
015_input_bit_gemm,bit,uniform|bit15,30,0,29,1,0.966667,0.833292,0.994092,0.0151199,0.0312505,29,0
015_input_bit_gemm,bit,uniform|bit16,30,0,25,5,0.833333,0.664353,0.926636,0.0225389,0.0625,25,0
015_input_bit_gemm,bit,uniform|bit17,30,0,29,1,0.966667,0.833292,0.994092,0.0482221,0.125002,29,0
015_input_bit_gemm,bit,uniform|bit18,30,0,29,1,0.966667,0.833292,0.994092,0.113283,0.25,29,0
015_input_bit_gemm,bit,uniform|bit19,30,0,30,0,1.000000,0.886483,1.000000,0.160872,0.5,30,0
015_input_bit_gemm,bit,uniform|bit2,30,3,27,0,0.900000,0.743786,0.965401,0.301701,8.14586,27,0
015_input_bit_gemm,bit,uniform|bit20,30,2,27,1,0.900000,0.743786,0.965401,0.252319,1,27,0
015_input_bit_gemm,bit,uniform|bit21,30,0,25,5,0.833333,0.664353,0.926636,0.6875,2,25,0
015_input_bit_gemm,bit,uniform|bit22,30,0,27,3,0.900000,0.743786,0.965401,1.44213,4,27,0
015_input_bit_gemm,bit,uniform|bit23,30,0,26,4,0.866667,0.703183,0.946904,3.46327,13.9488,26,0
015_input_bit_gemm,bit,uniform|bit24,30,0,28,2,0.933333,0.786762,0.981523,10.2173,23.1002,28,0
015_input_bit_gemm,bit,uniform|bit25,30,0,27,3,0.900000,0.743786,0.965401,78.2244,155.424,27,0
015_input_bit_gemm,bit,uniform|bit26,30,0,30,0,1.000000,0.886483,1.000000,585.291,4047.17,30,0
015_input_bit_gemm,bit,uniform|bit27,30,0,28,2,0.933333,0.786762,0.981523,318782,934271,28,0
015_input_bit_gemm,bit,uniform|bit28,30,0,29,1,0.966667,0.833292,0.994092,2.0077e+10,5.95093e+10,29,0
015_input_bit_gemm,bit,uniform|bit29,30,0,28,2,0.933333,0.786762,0.981523,5.32076e+19,3.55716e+20,28,0
015_input_bit_gemm,bit,uniform|bit3,30,0,30,0,1.000000,0.886483,1.000000,2.84513e-06,7.62939e-06,30,0
015_input_bit_gemm,bit,uniform|bit30,30,0,27,3,0.900000,0.743786,0.965401,4.07538e+37,2.9479e+38,27,3
015_input_bit_gemm,bit,uniform|bit31,30,0,28,2,0.933333,0.786762,0.981523,5.36563,13.4958,28,0
015_input_bit_gemm,bit,uniform|bit4,30,0,30,0,1.000000,0.886483,1.000000,0.572437,17.1729,30,0
015_input_bit_gemm,bit,uniform|bit5,30,0,30,0,1.000000,0.886483,1.000000,0.279999,7.64915,30,0
015_input_bit_gemm,bit,uniform|bit6,30,1,29,0,0.966667,0.833292,0.994092,0.173876,5.04193,29,0
015_input_bit_gemm,bit,uniform|bit7,30,0,30,0,1.000000,0.886483,1.000000,5.39725,99.442,30,0
015_input_bit_gemm,bit,uniform|bit8,30,0,30,0,1.000000,0.886483,1.000000,0.977371,29.3183,30,0
015_input_bit_gemm,bit,uniform|bit9,30,0,30,0,1.000000,0.886483,1.000000,11.8765,175.647,30,0
015_input_bit_gemm,input,correlated,960,16,906,38,0.943750,0.927328,0.956634,1.83726e+35,1.02289e+38,906,7
015_input_bit_gemm,input,extreme,960,171,751,38,0.782292,0.755088,0.807245,0,0,0,751
015_input_bit_gemm,input,near_overflow,960,329,598,33,0.622917,0.591825,0.653028,3.63544e+36,3.15916e+38,598,598
015_input_bit_gemm,input,near_zero,960,55,857,48,0.892708,0.871542,0.910744,0.0676779,2,857,0
015_input_bit_gemm,input,normal,960,70,855,35,0.890625,0.869302,0.908834,9.30178e+34,7.95302e+37,855,1
015_input_bit_gemm,input,ones,960,70,860,30,0.895833,0.874906,0.913606,1.70804e+20,7.78453e+21,860,0
015_input_bit_gemm,input,sparse,960,156,766,38,0.797917,0.771350,0.822108,2.16576e+36,2.94086e+38,766,5
015_input_bit_gemm,input,uniform,960,34,886,40,0.922917,0.904308,0.938154,1.24193e+36,2.9479e+38,886,3
015_input_bit_gemm,instruction,correlated|FADD,21,7,14,0,0.666667,0.453731,0.828055,1248.91,3992.86,14,0
015_input_bit_gemm,instruction,correlated|FFMA,901,9,892,0,0.990011,0.981125,0.994736,1.8661e+35,1.02289e+38,892,7
015_input_bit_gemm,instruction,extreme|FADD,55,33,22,0,0.400000,0.281183,0.531874,0,0,0,22
015_input_bit_gemm,instruction,extreme|FFMA,867,138,729,0,0.840830,0.814982,0.863671,0,0,0,729
015_input_bit_gemm,instruction,near_overflow|FADD,43,26,17,0,0.395349,0.263651,0.544212,1.53815e+37,2.61486e+38,17,17
015_input_bit_gemm,instruction,near_overflow|FFMA,884,303,581,0,0.657240,0.625331,0.687788,3.29175e+36,3.15916e+38,581,581
015_input_bit_gemm,instruction,near_zero|FADD,27,27,0,0,0.000000,0.000000,0.124559,0,0,0,0
015_input_bit_gemm,instruction,near_zero|FFMA,885,28,857,0,0.968362,0.954653,0.978021,0.0676779,2,857,0
015_input_bit_gemm,instruction,normal|FADD,51,38,13,0,0.254902,0.155456,0.388685,224.883,901.085,13,0
015_input_bit_gemm,instruction,normal|FFMA,874,32,842,0,0.963387,0.948770,0.973947,9.44539e+34,7.95302e+37,842,1
015_input_bit_gemm,instruction,ones|FADD,39,18,21,0,0.538462,0.385692,0.684334,98206.5,261120,21,0
015_input_bit_gemm,instruction,ones|FFMA,891,52,839,0,0.941639,0.924266,0.955219,1.75079e+20,7.78453e+21,839,0
015_input_bit_gemm,instruction,sparse|FADD,32,11,21,0,0.656250,0.483108,0.795898,7.2035,23.1344,21,0
015_input_bit_gemm,instruction,sparse|FFMA,890,145,745,0,0.837079,0.811376,0.859883,2.22681e+36,2.94086e+38,745,5
015_input_bit_gemm,instruction,uniform|FADD,28,3,25,0,0.892857,0.728038,0.962882,46.8921,175.647,25,0
015_input_bit_gemm,instruction,uniform|FFMA,892,31,861,0,0.965247,0.951093,0.975410,1.27799e+36,2.9479e+38,861,3
015_input_bit_gemm,position,correlated|D0,84,0,80,4,0.952381,0.883865,0.981329,2.0807e+36,1.02289e+38,80,7
015_input_bit_gemm,position,correlated|D1,96,0,92,4,0.958333,0.897717,0.983680,18004,675556,92,0
015_input_bit_gemm,position,correlated|D2,144,4,139,1,0.965278,0.921296,0.985079,2.90359,315.181,139,0
015_input_bit_gemm,position,correlated|D3,84,0,75,9,0.892857,0.808752,0.942600,2.91723e+19,4.84186e+20,75,0
015_input_bit_gemm,position,correlated|D4,120,0,114,6,0.950000,0.895196,0.976886,9.34637e+09,1.51642e+11,114,0
015_input_bit_gemm,position,correlated|D5,72,5,64,3,0.888889,0.795769,0.942612,5.07008e+19,9.63727e+20,64,0
015_input_bit_gemm,position,correlated|D6,60,2,57,1,0.950000,0.862993,0.982851,7.74708,102.584,57,0
015_input_bit_gemm,position,correlated|D7,120,3,112,5,0.933333,0.873947,0.965835,29.2133,2575.85,112,0
015_input_bit_gemm,position,correlated|D8,96,2,91,3,0.947917,0.883814,0.977551,888.277,13022.8,91,0
015_input_bit_gemm,position,correlated|D9,84,0,82,2,0.976190,0.917284,0.993446,6.59109e+19,1.0329e+21,82,0
015_input_bit_gemm,position,extreme|D0,144,50,88,6,0.611111,0.529588,0.686860,0,0,0,88
015_input_bit_gemm,position,extreme|D1,72,16,54,2,0.750000,0.639063,0.835611,0,0,0,54
015_input_bit_gemm,position,extreme|D2,84,12,68,4,0.809524,0.712761,0.879214,0,0,0,68
015_input_bit_gemm,position,extreme|D3,120,10,104,6,0.866667,0.794351,0.916235,0,0,0,104
015_input_bit_gemm,position,extreme|D4,96,24,71,1,0.739583,0.643788,0.816942,0,0,0,71
015_input_bit_gemm,position,extreme|D5,144,27,111,6,0.770833,0.695681,0.831911,0,0,0,111
015_input_bit_gemm,position,extreme|D6,84,7,75,2,0.892857,0.808752,0.942600,0,0,0,75
015_input_bit_gemm,position,extreme|D7,108,14,91,3,0.842593,0.762311,0.899339,0,0,0,91
015_input_bit_gemm,position,extreme|D8,60,11,43,6,0.716667,0.592325,0.814933,0,0,0,43
015_input_bit_gemm,position,extreme|D9,48,0,46,2,0.958333,0.860241,0.988498,0,0,0,46
015_input_bit_gemm,position,near_overflow|D0,84,71,8,5,0.095238,0.049051,0.176828,0,0,8,8
015_input_bit_gemm,position,near_overflow|D1,108,73,32,3,0.296296,0.218377,0.388210,2.39352e+36,7.65905e+37,32,32
015_input_bit_gemm,position,near_overflow|D2,72,39,32,1,0.444444,0.335389,0.559128,9.79939e+36,1.26619e+38,32,32
015_input_bit_gemm,position,near_overflow|D3,168,57,105,6,0.625000,0.549767,0.694644,8.03653e+35,7.73895e+37,105,105
015_input_bit_gemm,position,near_overflow|D4,96,23,71,2,0.739583,0.643788,0.816942,7.89928e+33,1.66153e+35,71,71
015_input_bit_gemm,position,near_overflow|D5,96,14,80,2,0.833333,0.746288,0.894727,1.16102e+37,3.15916e+38,80,80
015_input_bit_gemm,position,near_overflow|D6,84,8,71,5,0.845238,0.753012,0.907268,8.8557e+35,5.28232e+37,71,71
015_input_bit_gemm,position,near_overflow|D7,96,21,72,3,0.750000,0.654900,0.825862,3.63753e+36,2.61486e+38,72,72
015_input_bit_gemm,position,near_overflow|D8,84,17,67,0,0.797619,0.699580,0.869627,2.25606e+36,1.50925e+38,67,67
015_input_bit_gemm,position,near_overflow|D9,72,6,60,6,0.833333,0.730891,0.902007,4.90206e+36,2.55255e+38,60,60
015_input_bit_gemm,position,near_zero|D0,48,1,46,1,0.958333,0.860241,0.988498,0.521739,2,46,0
015_input_bit_gemm,position,near_zero|D1,144,5,134,5,0.930556,0.876890,0.961845,2.26062e-30,2.52435e-29,134,0
015_input_bit_gemm,position,near_zero|D2,108,7,96,5,0.888889,0.815774,0.935288,0.354167,2,96,0
015_input_bit_gemm,position,near_zero|D3,72,13,55,4,0.763889,0.654010,0.847034,6.30304e-35,3.85186e-34,55,0
015_input_bit_gemm,position,near_zero|D4,108,4,100,4,0.925926,0.860602,0.961990,2.49366e-20,1.0842e-19,100,0
015_input_bit_gemm,position,near_zero|D5,96,5,86,5,0.895833,0.818777,0.942429,2.9353e-30,2.52435e-29,86,0
015_input_bit_gemm,position,near_zero|D6,132,3,119,10,0.901515,0.838781,0.941539,2.92797e-35,3.85186e-34,119,0
015_input_bit_gemm,position,near_zero|D7,120,5,107,8,0.891667,0.823445,0.935589,6.07964e-21,1.0842e-19,107,0
015_input_bit_gemm,position,near_zero|D8,120,11,103,6,0.858333,0.784804,0.909632,7.97932e-39,9.40395e-38,103,0
015_input_bit_gemm,position,near_zero|D9,12,1,11,0,0.916667,0.646114,0.985135,1.4013e-45,1.4013e-45,11,0
015_input_bit_gemm,position,normal|D0,84,31,45,8,0.535714,0.429845,0.638459,1.05212,15.2006,45,0
015_input_bit_gemm,position,normal|D1,120,0,113,7,0.941667,0.884473,0.971459,5.08346e+09,1.44533e+11,113,1
015_input_bit_gemm,position,normal|D2,96,18,76,2,0.791667,0.699996,0.860893,14.1351,901.085,76,0
015_input_bit_gemm,position,normal|D3,72,1,69,2,0.958333,0.884505,0.985729,18.5916,410.069,69,0
015_input_bit_gemm,position,normal|D4,60,7,51,2,0.850000,0.738852,0.919027,1.42996,70.5715,51,0
015_input_bit_gemm,position,normal|D5,72,2,68,2,0.944444,0.865678,0.978186,161944,2.95291e+06,68,0
015_input_bit_gemm,position,normal|D6,132,3,127,2,0.962121,0.914391,0.983714,2.76813e+19,5.96525e+20,127,0
015_input_bit_gemm,position,normal|D7,72,3,68,1,0.944444,0.865678,0.978186,5.29753e+19,6.53322e+20,68,0
015_input_bit_gemm,position,normal|D8,96,1,87,8,0.906250,0.831345,0.949892,9.1414e+35,7.95302e+37,87,0
015_input_bit_gemm,position,normal|D9,156,4,151,1,0.967949,0.927171,0.986234,34.9982,796.476,151,0
015_input_bit_gemm,position,ones|D0,84,12,66,6,0.785714,0.686505,0.859933,310814,3.9321e+06,66,0
015_input_bit_gemm,position,ones|D1,108,33,75,0,0.694444,0.602132,0.773399,7.02084e+10,5.45461e+11,75,0
015_input_bit_gemm,position,ones|D2,72,0,70,2,0.972222,0.904256,0.992349,525.567,31744,70,0
015_input_bit_gemm,position,ones|D3,108,0,106,2,0.981481,0.934980,0.994907,4.1888e+20,5.23888e+21,106,0
015_input_bit_gemm,position,ones|D4,84,9,75,0,0.892857,0.808752,0.942600,3476.01,260096,75,0
015_input_bit_gemm,position,ones|D5,108,2,100,6,0.925926,0.860602,0.961990,2.94963e+20,7.08355e+21,100,0
015_input_bit_gemm,position,ones|D6,96,0,94,2,0.979167,0.927191,0.994268,7.76529e+20,7.78453e+21,94,0
015_input_bit_gemm,position,ones|D7,96,2,91,3,0.947917,0.883814,0.977551,14468.3,103275,91,0
015_input_bit_gemm,position,ones|D8,108,0,101,7,0.935185,0.872222,0.968252,1.27191e+11,1.8812e+12,101,0
015_input_bit_gemm,position,ones|D9,96,12,82,2,0.854167,0.769980,0.911099,5.84013e+06,3.33573e+07,82,0
015_input_bit_gemm,position,sparse|D0,36,33,2,1,0.055556,0.015370,0.181450,0.0625,0.0625,2,0
015_input_bit_gemm,position,sparse|D1,84,35,46,3,0.547619,0.441428,0.649645,0.661798,15.0812,46,0
015_input_bit_gemm,position,sparse|D2,132,21,103,8,0.780303,0.702298,0.842454,5.33198e+36,2.49683e+38,103,2
015_input_bit_gemm,position,sparse|D3,84,8,71,5,0.845238,0.753012,0.907268,0.486088,8.41131,71,0
015_input_bit_gemm,position,sparse|D4,96,5,86,5,0.895833,0.818777,0.942429,1.21285,48.4914,86,0
015_input_bit_gemm,position,sparse|D5,144,11,131,2,0.909722,0.851669,0.946483,3.23945e+17,4.24368e+19,131,0
015_input_bit_gemm,position,sparse|D6,132,10,117,5,0.886364,0.820959,0.929915,4.56409e+36,1.61959e+38,117,2
015_input_bit_gemm,position,sparse|D7,72,21,50,1,0.694444,0.580455,0.788735,18840.2,319605,50,0
015_input_bit_gemm,position,sparse|D8,84,9,71,4,0.845238,0.753012,0.907268,0.931699,43.3874,71,0
015_input_bit_gemm,position,sparse|D9,96,3,89,4,0.927083,0.857068,0.964233,6.46943e+36,2.94086e+38,89,1
015_input_bit_gemm,position,uniform|D0,84,18,66,0,0.785714,0.686505,0.859933,18.4435,651.392,66,0
015_input_bit_gemm,position,uniform|D1,72,0,67,5,0.930556,0.847518,0.969975,6.77851e+36,2.9479e+38,67,1
015_input_bit_gemm,position,uniform|D2,96,0,90,6,0.937500,0.870289,0.971044,4.84258e+36,2.2422e+38,90,0
015_input_bit_gemm,position,uniform|D3,60,0,58,2,0.966667,0.886360,0.990811,3.62691e+36,2.10361e+38,58,2
015_input_bit_gemm,position,uniform|D4,96,2,89,5,0.927083,0.857068,0.964233,3.04124e+09,4.06521e+10,89,0
015_input_bit_gemm,position,uniform|D5,72,6,66,0,0.916667,0.829874,0.961248,231.514,4047.17,66,0
015_input_bit_gemm,position,uniform|D6,156,3,152,1,0.974359,0.935932,0.989985,1.25802e+09,5.68952e+10,152,0
015_input_bit_gemm,position,uniform|D7,96,2,88,6,0.916667,0.844099,0.957170,1.22776e+19,3.55716e+20,88,0
015_input_bit_gemm,position,uniform|D8,132,2,121,9,0.916667,0.856934,0.952833,3.38331e+18,3.095e+20,121,0
015_input_bit_gemm,position,uniform|D9,96,1,89,6,0.927083,0.857068,0.964233,15.7142,155.424,89,0
015_input_bit_gemm,register,correlated|accumulator,764,8,756,0,0.989529,0.979474,0.994685,2.2018e+35,1.02289e+38,756,7
015_input_bit_gemm,register,correlated|temporary,137,1,136,0,0.992701,0.959813,0.998710,1.0318e+18,1.40325e+20,136,0
015_input_bit_gemm,register,extreme|accumulator,681,92,589,0,0.864905,0.837174,0.888541,0,0,0,589
015_input_bit_gemm,register,extreme|temporary,186,46,140,0,0.752688,0.685987,0.809162,0,0,0,140
015_input_bit_gemm,register,near_overflow|accumulator,716,252,464,0,0.648045,0.612357,0.682152,3.16168e+36,3.15916e+38,464,464
015_input_bit_gemm,register,near_overflow|temporary,168,51,117,0,0.696429,0.623149,0.760926,3.80758e+36,2.64006e+38,117,117
015_input_bit_gemm,register,near_zero|accumulator,728,24,704,0,0.967033,0.951415,0.977748,0.0681818,2,704,0
015_input_bit_gemm,register,near_zero|temporary,157,4,153,0,0.974522,0.936328,0.990049,0.0653595,2,153,0
015_input_bit_gemm,register,normal|accumulator,715,26,689,0,0.963636,0.947252,0.975066,1.15428e+35,7.95302e+37,689,1
015_input_bit_gemm,register,normal|temporary,159,6,153,0,0.962264,0.920125,0.982593,1.53408e+19,6.53322e+20,153,0
015_input_bit_gemm,register,ones|accumulator,719,42,677,0,0.941586,0.921981,0.956496,1.77901e+20,7.78453e+21,677,0
015_input_bit_gemm,register,ones|temporary,172,10,162,0,0.941860,0.896297,0.968117,1.63288e+20,7.52627e+21,162,0
015_input_bit_gemm,register,sparse|accumulator,725,113,612,0,0.844138,0.815928,0.868720,2.60868e+36,2.94086e+38,612,3
015_input_bit_gemm,register,sparse|temporary,165,32,133,0,0.806061,0.739052,0.859141,4.69613e+35,6.24586e+37,133,2
015_input_bit_gemm,register,uniform|accumulator,736,30,706,0,0.959239,0.942408,0.971301,1.39023e+36,2.9479e+38,706,1
015_input_bit_gemm,register,uniform|temporary,156,1,155,0,0.993590,0.964586,0.998868,7.66774e+35,1.1885e+38,155,2
015_input_bit_gemm,size,correlated|512x512x512,960,16,906,38,0.943750,0.927328,0.956634,1.83726e+35,1.02289e+38,906,7
015_input_bit_gemm,size,extreme|512x512x512,960,171,751,38,0.782292,0.755088,0.807245,0,0,0,751
015_input_bit_gemm,size,near_overflow|512x512x512,960,329,598,33,0.622917,0.591825,0.653028,3.63544e+36,3.15916e+38,598,598
015_input_bit_gemm,size,near_zero|512x512x512,960,55,857,48,0.892708,0.871542,0.910744,0.0676779,2,857,0
015_input_bit_gemm,size,normal|512x512x512,960,70,855,35,0.890625,0.869302,0.908834,9.30178e+34,7.95302e+37,855,1
015_input_bit_gemm,size,ones|512x512x512,960,70,860,30,0.895833,0.874906,0.913606,1.70804e+20,7.78453e+21,860,0
015_input_bit_gemm,size,sparse|512x512x512,960,156,766,38,0.797917,0.771350,0.822108,2.16576e+36,2.94086e+38,766,5
015_input_bit_gemm,size,uniform|512x512x512,960,34,886,40,0.922917,0.904308,0.938154,1.24193e+36,2.9479e+38,886,3
016_input_instruction_gemm,input,extreme,186,104,82,0,0.440860,0.371420,0.512694,0,0,0,82
016_input_instruction_gemm,input,near_overflow,205,112,93,0,0.453659,0.386984,0.522038,1.15776e+36,4.25353e+37,93,93
016_input_instruction_gemm,input,near_zero,199,6,193,0,0.969849,0.935792,0.986110,1.68529e-20,1.0842e-19,193,0
016_input_instruction_gemm,input,normal,180,26,154,0,0.855556,0.796769,0.899483,1.26866e+09,1.06508e+11,154,1
016_input_instruction_gemm,input,ones,184,16,168,0,0.913043,0.863425,0.945768,2.06498e+06,3.33573e+07,168,14
016_input_instruction_gemm,input,uniform,197,22,175,0,0.888325,0.836708,0.925086,2.34972e+36,1.47524e+38,175,0
016_input_instruction_gemm,instruction,extreme|FADD,53,53,0,0,0.000000,0.000000,0.067584,0,0,0,0
016_input_instruction_gemm,instruction,extreme|FFMA,94,12,82,0,0.872340,0.790000,0.925443,0,0,0,82
016_input_instruction_gemm,instruction,extreme|FMUL,39,39,0,0,0.000000,0.000000,0.089670,0,0,0,0
016_input_instruction_gemm,instruction,near_overflow|FADD,58,29,29,0,0.500000,0.375381,0.624619,1.39879e+30,4.05648e+31,29,29
016_input_instruction_gemm,instruction,near_overflow|FFMA,98,34,64,0,0.653061,0.554660,0.739916,1.68237e+36,4.25353e+37,64,64
016_input_instruction_gemm,instruction,near_overflow|FMUL,49,49,0,0,0.000000,0.000000,0.072700,0,0,0,0
016_input_instruction_gemm,instruction,near_zero|FADD,57,0,57,0,1.000000,0.936859,1.000000,2.28253e-20,1.0842e-19,57,0
016_input_instruction_gemm,instruction,near_zero|FFMA,92,0,92,0,1.000000,0.959917,1.000000,1.29633e-20,1.0842e-19,92,0
016_input_instruction_gemm,instruction,near_zero|FMUL,50,6,44,0,0.880000,0.761949,0.943825,1.72487e-20,1.0842e-19,44,0
016_input_instruction_gemm,instruction,normal|FADD,47,8,39,0,0.829787,0.698599,0.911137,5.00959e+09,1.06508e+11,39,0
016_input_instruction_gemm,instruction,normal|FFMA,84,6,78,0,0.928571,0.852803,0.966855,7.44913,67.8229,78,1
016_input_instruction_gemm,instruction,normal|FMUL,49,12,37,0,0.755102,0.619134,0.853978,0.188473,1.17347,37,0
016_input_instruction_gemm,instruction,ones|FADD,44,7,37,0,0.840909,0.706335,0.920734,9799.59,68340,37,0
016_input_instruction_gemm,instruction,ones|FFMA,91,4,87,0,0.956044,0.892367,0.982776,3.98338e+06,3.33573e+07,87,0
016_input_instruction_gemm,instruction,ones|FMUL,49,5,44,0,0.897959,0.782434,0.955621,0.204817,1,44,14
016_input_instruction_gemm,instruction,uniform|FADD,56,2,54,0,0.964286,0.878810,0.990151,1.43911,13.5766,54,0
016_input_instruction_gemm,instruction,uniform|FFMA,93,10,83,0,0.892473,0.813271,0.940538,8.02878,164.111,83,0
016_input_instruction_gemm,instruction,uniform|FMUL,48,10,38,0,0.791667,0.657408,0.882699,1.08211e+37,1.47524e+38,38,0
016_input_instruction_gemm,position,extreme|D0,20,20,0,0,0.000000,0.000000,0.161130,0,0,0,0
016_input_instruction_gemm,position,extreme|D1,18,8,10,0,0.555556,0.337161,0.754408,0,0,0,10
016_input_instruction_gemm,position,extreme|D2,14,10,4,0,0.285714,0.117212,0.546495,0,0,0,4
016_input_instruction_gemm,position,extreme|D3,35,12,23,0,0.657143,0.491516,0.791685,0,0,0,23
016_input_instruction_gemm,position,extreme|D4,8,8,0,0,0.000000,0.000000,0.324416,0,0,0,0
016_input_instruction_gemm,position,extreme|D5,23,9,14,0,0.608696,0.407852,0.778426,0,0,0,14
016_input_instruction_gemm,position,extreme|D6,9,9,0,0,0.000000,0.000000,0.299153,0,0,0,0
016_input_instruction_gemm,position,extreme|D7,44,25,19,0,0.431818,0.296825,0.577761,0,0,0,19
016_input_instruction_gemm,position,extreme|D8,15,3,12,0,0.800000,0.548141,0.929526,0,0,0,12
016_input_instruction_gemm,position,near_overflow|D1,19,15,4,0,0.210526,0.085075,0.433347,5.31691e+36,2.12677e+37,4,4
016_input_instruction_gemm,position,near_overflow|D2,41,25,16,0,0.390244,0.256559,0.542734,8.3239e+34,1.32923e+36,16,16
016_input_instruction_gemm,position,near_overflow|D3,18,11,7,0,0.388889,0.203050,0.613813,0,0,7,7
016_input_instruction_gemm,position,near_overflow|D4,18,8,10,0,0.555556,0.337161,0.754408,1.29807e+32,1.29807e+33,10,10
016_input_instruction_gemm,position,near_overflow|D5,49,23,26,0,0.530612,0.393806,0.662967,3.27195e+36,4.25353e+37,26,26
016_input_instruction_gemm,position,near_overflow|D6,19,5,14,0,0.736842,0.512080,0.881938,2.89749e+30,4.05648e+31,14,14
016_input_instruction_gemm,position,near_overflow|D8,6,5,1,0,0.166667,0.030053,0.563509,0,0,1,1
016_input_instruction_gemm,position,near_overflow|D9,35,20,15,0,0.428571,0.279843,0.591429,0,0,15,15
016_input_instruction_gemm,position,near_zero|D0,48,0,48,0,1.000000,0.925897,1.000000,1.35525e-20,1.0842e-19,48,0
016_input_instruction_gemm,position,near_zero|D1,37,0,37,0,1.000000,0.905939,1.000000,3.81245e-39,1.17549e-38,37,0
016_input_instruction_gemm,position,near_zero|D2,14,0,14,0,1.000000,0.784683,1.000000,5.42101e-20,1.0842e-19,14,0
016_input_instruction_gemm,position,near_zero|D3,16,0,16,0,1.000000,0.806387,1.000000,2.02049e-39,2.93874e-39,16,0
016_input_instruction_gemm,position,near_zero|D5,10,0,10,0,1.000000,0.722460,1.000000,5.87747e-39,5.87747e-39,10,0
016_input_instruction_gemm,position,near_zero|D6,25,0,25,0,1.000000,0.866804,1.000000,1.44549e-39,2.93874e-39,25,0
016_input_instruction_gemm,position,near_zero|D7,13,6,7,0,0.538462,0.291434,0.767942,7.34684e-40,7.34684e-40,7,0
016_input_instruction_gemm,position,near_zero|D8,17,0,17,0,1.000000,0.815676,1.000000,3.8266e-20,1.0842e-19,17,0
016_input_instruction_gemm,position,near_zero|D9,19,0,19,0,1.000000,0.831816,1.000000,6.27696e-20,1.0842e-19,19,0
016_input_instruction_gemm,position,normal|D0,33,10,23,0,0.696970,0.526615,0.826247,0.000694772,0.00390625,23,0
016_input_instruction_gemm,position,normal|D1,23,4,19,0,0.826087,0.628619,0.930215,3.44044,18.1937,19,0
016_input_instruction_gemm,position,normal|D2,10,2,8,0,0.800000,0.490157,0.943319,2.44217e+10,1.06508e+11,8,0
016_input_instruction_gemm,position,normal|D3,28,0,28,0,1.000000,0.879353,1.000000,6.45868,34.8387,28,1
016_input_instruction_gemm,position,normal|D4,17,2,15,0,0.882353,0.656632,0.967121,0.233681,1.09118,15,0
016_input_instruction_gemm,position,normal|D5,19,1,18,0,0.947368,0.753608,0.990648,0.000173145,0.000488281,18,0
016_input_instruction_gemm,position,normal|D6,16,0,16,0,1.000000,0.806387,1.000000,0.000275612,0.000488281,16,0
016_input_instruction_gemm,position,normal|D7,6,2,4,0,0.666667,0.299988,0.903231,2.14577e-06,3.8147e-06,4,0
016_input_instruction_gemm,position,normal|D8,22,0,22,0,1.000000,0.851340,1.000000,16.7864,67.8229,22,0
016_input_instruction_gemm,position,normal|D9,6,5,1,0,0.166667,0.030053,0.563509,9.53674e-07,9.53674e-07,1,0
016_input_instruction_gemm,position,ones|D0,24,0,24,0,1.000000,0.862019,1.000000,4335.17,11985,24,0
016_input_instruction_gemm,position,ones|D1,20,5,15,0,0.750000,0.531295,0.888140,0.00117187,0.00390625,15,8
016_input_instruction_gemm,position,ones|D2,12,0,12,0,1.000000,0.757499,1.000000,10.6667,16,12,0
016_input_instruction_gemm,position,ones|D3,37,9,28,0,0.756757,0.598824,0.866388,12686.4,68340,28,0
016_input_instruction_gemm,position,ones|D4,16,0,16,0,1.000000,0.806387,1.000000,248.376,638,16,0
016_input_instruction_gemm,position,ones|D5,37,2,35,0,0.945946,0.822950,0.985049,27128.5,105570,35,0
016_input_instruction_gemm,position,ones|D6,15,0,15,0,1.000000,0.796111,1.000000,118.912,479,15,0
016_input_instruction_gemm,position,ones|D8,9,0,9,0,1.000000,0.700847,1.000000,101.417,344.25,9,6
016_input_instruction_gemm,position,ones|D9,14,0,14,0,1.000000,0.784683,1.000000,2.46786e+07,3.33573e+07,14,0
016_input_instruction_gemm,position,uniform|D0,7,0,7,0,1.000000,0.645661,1.000000,2.2826,5.56601,7,0
016_input_instruction_gemm,position,uniform|D1,20,0,20,0,1.000000,0.838870,1.000000,0.142997,0.672457,20,0
016_input_instruction_gemm,position,uniform|D2,46,9,37,0,0.804348,0.668285,0.893495,18.0057,164.111,37,0
016_input_instruction_gemm,position,uniform|D3,13,0,13,0,1.000000,0.771898,1.000000,0.0141978,0.0625,13,0
016_input_instruction_gemm,position,uniform|D5,7,0,7,0,1.000000,0.645661,1.000000,0.0152412,0.03125,7,0
016_input_instruction_gemm,position,uniform|D6,14,6,8,0,0.571429,0.325903,0.786195,2.0504e-05,6.10352e-05,8,0
016_input_instruction_gemm,position,uniform|D7,25,2,23,0,0.920000,0.750335,0.977780,1.78783e+37,1.47524e+38,23,0
016_input_instruction_gemm,position,uniform|D8,46,4,42,0,0.913043,0.796751,0.965665,0.668367,12.3337,42,0
016_input_instruction_gemm,position,uniform|D9,19,1,18,0,0.947368,0.753608,0.990648,1.91124,13.5766,18,0
016_input_instruction_gemm,register,extreme|accumulator,141,76,65,0,0.460993,0.380840,0.543215,0,0,0,65
016_input_instruction_gemm,register,extreme|temporary,45,28,17,0,0.377778,0.251079,0.523703,0,0,0,17
016_input_instruction_gemm,register,near_overflow|accumulator,154,78,76,0,0.493506,0.415667,0.571662,5.77184e+35,4.25353e+37,76,76
016_input_instruction_gemm,register,near_overflow|temporary,51,34,17,0,0.333333,0.219698,0.470319,3.75327e+36,4.25353e+37,17,17
016_input_instruction_gemm,register,near_zero|accumulator,146,4,142,0,0.972603,0.931677,0.989295,1.6034e-20,1.0842e-19,142,0
016_input_instruction_gemm,register,near_zero|temporary,53,2,51,0,0.962264,0.872455,0.989590,1.9133e-20,1.0842e-19,51,0
016_input_instruction_gemm,register,normal|accumulator,130,12,118,0,0.907692,0.845574,0.946407,1.65571e+09,1.06508e+11,118,1
016_input_instruction_gemm,register,normal|temporary,42,6,36,0,0.857143,0.721586,0.932841,3.26246,51.2645,36,0
016_input_instruction_gemm,register,ones|accumulator,141,12,129,0,0.914894,0.857132,0.950647,1.69971e+06,3.33573e+07,129,10
016_input_instruction_gemm,register,ones|temporary,43,4,39,0,0.906977,0.783970,0.963229,3.27318e+06,3.30296e+07,39,4
016_input_instruction_gemm,register,uniform|accumulator,149,18,131,0,0.879195,0.817124,0.922203,1.5119e+36,9.95392e+37,131,0
016_input_instruction_gemm,register,uniform|temporary,48,4,44,0,0.916667,0.804464,0.967117,4.84413e+36,1.47524e+38,44,0
016_input_instruction_gemm,size,extreme|512x512x512,186,104,82,0,0.440860,0.371420,0.512694,0,0,0,82
016_input_instruction_gemm,size,near_overflow|512x512x512,205,112,93,0,0.453659,0.386984,0.522038,1.15776e+36,4.25353e+37,93,93
016_input_instruction_gemm,size,near_zero|512x512x512,199,6,193,0,0.969849,0.935792,0.986110,1.68529e-20,1.0842e-19,193,0
016_input_instruction_gemm,size,normal|512x512x512,180,26,154,0,0.855556,0.796769,0.899483,1.26866e+09,1.06508e+11,154,1
016_input_instruction_gemm,size,ones|512x512x512,184,16,168,0,0.913043,0.863425,0.945768,2.06498e+06,3.33573e+07,168,14
016_input_instruction_gemm,size,uniform|512x512x512,197,22,175,0,0.888325,0.836708,0.925086,2.34972e+36,1.47524e+38,175,0
017_input_size_gemm,input,extreme,90,7,81,2,0.900000,0.820756,0.946494,0,0,0,81
017_input_size_gemm,input,near_overflow,90,23,61,6,0.677778,0.575666,0.765334,2.12696e+37,3.94308e+38,61,61
017_input_size_gemm,input,normal,90,5,82,3,0.911111,0.834293,0.954270,1.63053e+19,2.99874e+20,82,0
017_input_size_gemm,input,ones,90,9,79,2,0.877778,0.794261,0.930365,6.1458e+20,1.69157e+22,79,0
017_input_size_gemm,input,sparse,90,16,70,4,0.777778,0.681525,0.851288,5.27608e+36,1.19981e+38,70,0
017_input_size_gemm,input,uniform,90,1,82,7,0.911111,0.834293,0.954270,4.91761e+18,1.06685e+20,82,0
017_input_size_gemm,instruction,extreme|FADD,4,1,3,0,0.750000,0.300636,0.954414,0,0,0,3
017_input_size_gemm,instruction,extreme|FFMA,84,6,78,0,0.928571,0.852803,0.966855,0,0,0,78
017_input_size_gemm,instruction,near_overflow|FADD,1,0,1,0,1.000000,0.206543,1.000000,0,0,1,1
017_input_size_gemm,instruction,near_overflow|FFMA,83,23,60,0,0.722892,0.618381,0.807682,2.16241e+37,3.94308e+38,60,60
017_input_size_gemm,instruction,normal|FFMA,87,5,82,0,0.942529,0.872425,0.975205,1.63053e+19,2.99874e+20,82,0
017_input_size_gemm,instruction,ones|FADD,3,0,3,0,1.000000,0.438494,1.000000,5888,7552,3,0
017_input_size_gemm,instruction,ones|FFMA,85,9,76,0,0.894118,0.810863,0.943288,6.3884e+20,1.69157e+22,76,0
017_input_size_gemm,instruction,sparse|FFMA,86,16,70,0,0.813953,0.718948,0.882110,5.27608e+36,1.19981e+38,70,0
017_input_size_gemm,instruction,uniform|FADD,2,1,1,0,0.500000,0.094529,0.905471,262.557,262.557,1,0
017_input_size_gemm,instruction,uniform|FFMA,81,0,81,0,1.000000,0.954720,1.000000,4.97832e+18,1.06685e+20,81,0
017_input_size_gemm,position,extreme|D0,12,3,9,0,0.750000,0.467690,0.911060,0,0,0,9
017_input_size_gemm,position,extreme|D1,8,0,8,0,1.000000,0.675584,1.000000,0,0,0,8
017_input_size_gemm,position,extreme|D2,4,0,4,0,1.000000,0.510100,1.000000,0,0,0,4
017_input_size_gemm,position,extreme|D3,12,1,11,0,0.916667,0.646114,0.985135,0,0,0,11
017_input_size_gemm,position,extreme|D4,2,0,1,1,0.500000,0.094529,0.905471,0,0,0,1
017_input_size_gemm,position,extreme|D5,8,0,8,0,1.000000,0.675584,1.000000,0,0,0,8
017_input_size_gemm,position,extreme|D6,4,0,4,0,1.000000,0.510100,1.000000,0,0,0,4
017_input_size_gemm,position,extreme|D7,12,1,10,1,0.833333,0.551964,0.953036,0,0,0,10
017_input_size_gemm,position,extreme|D8,24,2,22,0,0.916667,0.741508,0.976842,0,0,0,22
017_input_size_gemm,position,extreme|D9,4,0,4,0,1.000000,0.510100,1.000000,0,0,0,4
017_input_size_gemm,position,near_overflow|D0,8,6,0,2,0.000000,0.000000,0.324416,0,0,0,0
017_input_size_gemm,position,near_overflow|D2,8,3,4,1,0.500000,0.215213,0.784787,6.64614e+35,2.65846e+36,4,4
017_input_size_gemm,position,near_overflow|D3,12,2,9,1,0.750000,0.467690,0.911060,0,0,9,9
017_input_size_gemm,position,near_overflow|D4,12,2,10,0,0.833333,0.551964,0.953036,0,0,10,10
017_input_size_gemm,position,near_overflow|D5,10,3,7,0,0.700000,0.396773,0.892211,1.11059e+38,3.94308e+38,7,7
017_input_size_gemm,position,near_overflow|D6,4,1,3,0,0.750000,0.300636,0.954414,0,0,3,3
017_input_size_gemm,position,near_overflow|D7,16,6,9,1,0.562500,0.331782,0.769016,4.79584e+37,1.85931e+38,9,9
017_input_size_gemm,position,near_overflow|D8,8,0,8,0,1.000000,0.675584,1.000000,0,0,8,8
017_input_size_gemm,position,near_overflow|D9,12,0,11,1,0.916667,0.646114,0.985135,7.79517e+36,8.50706e+37,11,11
017_input_size_gemm,position,normal|D0,12,2,10,0,0.833333,0.551964,0.953036,1.7264,5.31708,10,0
017_input_size_gemm,position,normal|D1,8,0,8,0,1.000000,0.675584,1.000000,0.0224601,0.0625,8,0
017_input_size_gemm,position,normal|D2,4,0,3,1,0.750000,0.300636,0.954414,0.500004,0.500008,3,0
017_input_size_gemm,position,normal|D3,12,3,9,0,0.750000,0.467690,0.911060,886.449,2884.28,9,0
017_input_size_gemm,position,normal|D4,10,0,10,0,1.000000,0.722460,1.000000,8.89394e+19,2.99874e+20,10,0
017_input_size_gemm,position,normal|D6,4,0,4,0,1.000000,0.510100,1.000000,0.999998,1,4,0
017_input_size_gemm,position,normal|D7,12,0,11,1,0.916667,0.646114,0.985135,7.0785,57.0848,11,0
017_input_size_gemm,position,normal|D8,16,0,15,1,0.937500,0.716707,0.988881,2.98429e+19,1.81033e+20,15,0
017_input_size_gemm,position,normal|D9,12,0,12,0,1.000000,0.757499,1.000000,0.00339937,0.015625,12,0
017_input_size_gemm,position,ones|D0,4,0,4,0,1.000000,0.510100,1.000000,1.90735e-05,3.05176e-05,4,0
017_input_size_gemm,position,ones|D1,8,0,7,1,0.875000,0.529105,0.977583,1938.31,7552,7,0
017_input_size_gemm,position,ones|D2,16,0,16,0,1.000000,0.806387,1.000000,9053.5,45900,16,0
017_input_size_gemm,position,ones|D3,12,0,12,0,1.000000,0.757499,1.000000,4.04599e+21,1.69157e+22,12,0
017_input_size_gemm,position,ones|D4,14,1,13,0,0.928571,0.685307,0.987278,1.23744,4,13,0
017_input_size_gemm,position,ones|D5,8,4,4,0,0.500000,0.215213,0.784787,4,4,4,0
017_input_size_gemm,position,ones|D6,8,0,8,0,1.000000,0.675584,1.000000,8.25,16,8,0
017_input_size_gemm,position,ones|D7,8,4,4,0,0.500000,0.215213,0.784787,0.0078125,0.0078125,4,0
017_input_size_gemm,position,ones|D8,4,0,4,0,1.000000,0.510100,1.000000,6,8,4,0
017_input_size_gemm,position,ones|D9,8,0,7,1,0.875000,0.529105,0.977583,4.55e+06,8.12634e+06,7,0
017_input_size_gemm,position,sparse|D0,4,3,1,0,0.250000,0.045586,0.699364,1.0842e-19,1.0842e-19,1,0
017_input_size_gemm,position,sparse|D1,4,2,2,0,0.500000,0.150036,0.849964,0.000976562,0.00195312,2,0
017_input_size_gemm,position,sparse|D2,20,5,14,1,0.700000,0.481023,0.854525,3.04694e+18,4.26572e+19,14,0
017_input_size_gemm,position,sparse|D3,12,3,9,0,0.750000,0.467690,0.911060,0.00982788,0.0884447,9,0
017_input_size_gemm,position,sparse|D4,4,0,4,0,1.000000,0.510100,1.000000,1.07288e-06,1.90735e-06,4,0
017_input_size_gemm,position,sparse|D5,6,0,5,1,0.833333,0.436491,0.969947,1.88151e+37,9.40753e+37,5,0
017_input_size_gemm,position,sparse|D6,20,1,17,2,0.850000,0.639577,0.947632,1.61912e+37,1.19981e+38,17,0
017_input_size_gemm,position,sparse|D7,4,1,3,0,0.750000,0.300636,0.954414,7.2519e-07,1.90735e-06,3,0
017_input_size_gemm,position,sparse|D8,12,1,11,0,0.916667,0.646114,0.985135,7.29919,44.3323,11,0
017_input_size_gemm,position,sparse|D9,4,0,4,0,1.000000,0.510100,1.000000,1.26362e-05,3.05176e-05,4,0
017_input_size_gemm,position,uniform|D0,8,0,8,0,1.000000,0.675584,1.000000,6.32405e-05,0.000244141,8,0
017_input_size_gemm,position,uniform|D1,12,0,9,3,0.750000,0.467690,0.911060,91040.3,300900,9,0
017_input_size_gemm,position,uniform|D2,12,0,12,0,1.000000,0.757499,1.000000,0.771244,4.00003,12,0
017_input_size_gemm,position,uniform|D3,12,0,12,0,1.000000,0.757499,1.000000,0.111981,0.250002,12,0
017_input_size_gemm,position,uniform|D4,10,0,8,2,0.800000,0.490157,0.943319,1.33357e+19,1.06685e+20,8,0
017_input_size_gemm,position,uniform|D5,8,0,8,0,1.000000,0.675584,1.000000,7.10487e-05,0.000244141,8,0
017_input_size_gemm,position,uniform|D6,8,0,7,1,0.875000,0.529105,0.977583,4.13387,11.2312,7,0
017_input_size_gemm,position,uniform|D7,12,1,11,0,0.916667,0.646114,0.985135,1.30627e+19,9.82801e+19,11,0
017_input_size_gemm,position,uniform|D9,8,0,7,1,0.875000,0.529105,0.977583,2.18385e+19,9.13663e+19,7,0
017_input_size_gemm,register,extreme|accumulator,66,4,62,0,0.939394,0.854269,0.976182,0,0,0,62
017_input_size_gemm,register,extreme|temporary,18,2,16,0,0.888889,0.671998,0.968981,0,0,0,16
017_input_size_gemm,register,near_overflow|accumulator,64,15,49,0,0.765625,0.648665,0.852502,2.64716e+37,3.94308e+38,49,49
017_input_size_gemm,register,near_overflow|temporary,19,8,11,0,0.578947,0.362756,0.768584,3.06818e+34,3.32307e+35,11,11
017_input_size_gemm,register,normal|accumulator,70,3,67,0,0.957143,0.881401,0.985319,1.61039e+19,2.99874e+20,67,0
017_input_size_gemm,register,normal|temporary,17,2,15,0,0.882353,0.656632,0.967121,1.72052e+19,2.58078e+20,15,0
017_input_size_gemm,register,ones|accumulator,68,5,63,0,0.926471,0.839146,0.968186,5.15338e+20,1.69157e+22,63,0
017_input_size_gemm,register,ones|temporary,17,4,13,0,0.764706,0.527378,0.904451,1.23735e+21,1.60856e+22,13,0
017_input_size_gemm,register,sparse|accumulator,66,12,54,0,0.818182,0.708546,0.892815,6.83937e+36,1.19981e+38,54,0
017_input_size_gemm,register,sparse|temporary,20,4,16,0,0.800000,0.583978,0.919344,0.352621,5.53803,16,0
017_input_size_gemm,register,uniform|accumulator,67,0,67,0,1.000000,0.945772,1.000000,3.73694e+18,1.06685e+20,67,0
017_input_size_gemm,register,uniform|temporary,14,0,14,0,1.000000,0.784683,1.000000,1.09192e+19,9.13663e+19,14,0
017_input_size_gemm,size,extreme|1024x1024x1024,30,2,26,2,0.866667,0.703183,0.946904,0,0,0,26
017_input_size_gemm,size,extreme|128x128x128,30,3,27,0,0.900000,0.743786,0.965401,0,0,0,27
017_input_size_gemm,size,extreme|512x512x512,30,2,28,0,0.933333,0.786762,0.981523,0,0,0,28
017_input_size_gemm,size,near_overflow|1024x1024x1024,30,11,19,0,0.633333,0.455132,0.781263,0,0,19,19
017_input_size_gemm,size,near_overflow|128x128x128,30,5,23,2,0.766667,0.590713,0.882078,5.27119e+37,3.94308e+38,23,23
017_input_size_gemm,size,near_overflow|512x512x512,30,7,19,4,0.633333,0.455132,0.781263,4.4774e+36,8.50706e+37,19,19
017_input_size_gemm,size,normal|1024x1024x1024,30,0,30,0,1.000000,0.886483,1.000000,2.96465e+19,2.99874e+20,30,0
017_input_size_gemm,size,normal|128x128x128,30,5,25,0,0.833333,0.664353,0.926636,643.764,3455.33,25,0
017_input_size_gemm,size,normal|512x512x512,30,0,27,3,0.900000,0.743786,0.965401,1.65794e+19,1.81033e+20,27,0
017_input_size_gemm,size,ones|1024x1024x1024,30,3,27,0,0.900000,0.743786,0.965401,1.79822e+21,1.69157e+22,27,0
017_input_size_gemm,size,ones|128x128x128,30,4,25,1,0.833333,0.664353,0.926636,1.27454e+06,8.12634e+06,25,0
017_input_size_gemm,size,ones|512x512x512,30,2,27,1,0.900000,0.743786,0.965401,5215.16,45900,27,0
017_input_size_gemm,size,sparse|1024x1024x1024,30,0,29,1,0.966667,0.833292,0.994092,2.76917,44.3323,29,0
017_input_size_gemm,size,sparse|128x128x128,30,11,19,0,0.633333,0.455132,0.781263,0.0231918,0.214553,19,0
017_input_size_gemm,size,sparse|512x512x512,30,5,22,3,0.733333,0.555517,0.858175,1.67875e+37,1.19981e+38,22,0
017_input_size_gemm,size,uniform|1024x1024x1024,30,1,27,2,0.900000,0.743786,0.965401,3.95131e+18,1.06685e+20,27,0
017_input_size_gemm,size,uniform|128x128x128,30,0,30,0,1.000000,0.886483,1.000000,9.8853e+18,9.82801e+19,30,0
017_input_size_gemm,size,uniform|512x512x512,30,0,25,5,0.833333,0.664353,0.926636,32986.7,300900,25,0
018_input_position_gemm,input,extreme,90,13,65,12,0.722222,0.622046,0.804204,0,0,0,65
018_input_position_gemm,input,near_overflow,90,28,60,2,0.666667,0.564221,0.755466,5.5918e+34,2.65846e+36,60,60
018_input_position_gemm,input,normal,90,6,83,1,0.922222,0.848060,0.961816,24.0251,324.026,83,0
018_input_position_gemm,input,ones,90,1,88,1,0.977778,0.922553,0.993885,3782.71,261120,88,0
018_input_position_gemm,input,sparse,90,13,73,4,0.811111,0.718162,0.878588,2.53626e+18,9.83859e+19,73,0
018_input_position_gemm,input,uniform,90,2,82,6,0.911111,0.834293,0.954270,4.09355e+35,3.35671e+37,82,2
018_input_position_gemm,instruction,extreme|FFMA,78,13,65,0,0.833333,0.735442,0.899931,0,0,0,65
018_input_position_gemm,instruction,near_overflow|FADD,5,1,4,0,0.800000,0.375528,0.963777,0,0,4,4
018_input_position_gemm,instruction,near_overflow|FFMA,83,27,56,0,0.674699,0.568133,0.765808,5.99122e+34,2.65846e+36,56,56
018_input_position_gemm,instruction,normal|FADD,3,1,2,0,0.666667,0.207655,0.938510,103.134,150.556,2,0
018_input_position_gemm,instruction,normal|FFMA,86,5,81,0,0.941860,0.871020,0.974913,22.0718,324.026,81,0
018_input_position_gemm,instruction,ones|FADD,4,0,4,0,1.000000,0.510100,1.000000,80896,261120,4,0
018_input_position_gemm,instruction,ones|FFMA,85,1,84,0,0.988235,0.936327,0.997920,110.653,4080,84,0
018_input_position_gemm,instruction,sparse|FADD,2,2,0,0,0.000000,0.000000,0.657628,0,0,0,0
018_input_position_gemm,instruction,sparse|FFMA,84,11,73,0,0.869048,0.780537,0.925279,2.53626e+18,9.83859e+19,73,0
018_input_position_gemm,instruction,uniform|FADD,2,2,0,0,0.000000,0.000000,0.657628,0,0,0,0
018_input_position_gemm,instruction,uniform|FFMA,82,0,82,0,1.000000,0.955248,1.000000,4.09355e+35,3.35671e+37,82,2
018_input_position_gemm,position,extreme|early,30,3,26,1,0.866667,0.703183,0.946904,0,0,0,26
018_input_position_gemm,position,extreme|late,30,9,15,6,0.500000,0.331539,0.668461,0,0,0,15
018_input_position_gemm,position,extreme|middle,30,1,24,5,0.800000,0.626940,0.904950,0,0,0,24
018_input_position_gemm,position,near_overflow|early,30,16,14,0,0.466667,0.302321,0.638580,0,0,14,14
018_input_position_gemm,position,near_overflow|late,30,7,23,0,0.766667,0.590713,0.882078,1.36179e+33,2.07692e+34,23,23
018_input_position_gemm,position,near_overflow|middle,30,5,23,2,0.766667,0.590713,0.882078,1.44511e+35,2.65846e+36,23,23
018_input_position_gemm,position,normal|early,30,0,30,0,1.000000,0.886483,1.000000,4.26657,20.5759,30,0
018_input_position_gemm,position,normal|late,30,0,29,1,0.966667,0.833292,0.994092,59.1563,324.026,29,0
018_input_position_gemm,position,normal|middle,30,6,24,0,0.800000,0.626940,0.904950,6.2732,150.556,24,0
018_input_position_gemm,position,ones|early,30,0,29,1,0.966667,0.833292,0.994092,320.5,4080,29,0
018_input_position_gemm,position,ones|late,30,0,30,0,1.000000,0.886483,1.000000,9762.14,261120,30,0
018_input_position_gemm,position,ones|middle,30,1,29,0,0.966667,0.833292,0.994092,1059.31,26624,29,0
018_input_position_gemm,position,sparse|early,30,7,22,1,0.733333,0.555517,0.858175,1.81412e+18,3.99107e+19,22,0
018_input_position_gemm,position,sparse|late,30,2,25,3,0.833333,0.664353,0.926636,89.8591,800.585,25,0
018_input_position_gemm,position,sparse|middle,30,4,26,0,0.866667,0.703183,0.946904,5.586e+18,9.83859e+19,26,0
018_input_position_gemm,position,uniform|early,30,0,27,3,0.900000,0.743786,0.965401,2.81827,20.079,27,0
018_input_position_gemm,position,uniform|late,30,0,28,2,0.933333,0.786762,0.981523,1.19883e+36,3.35671e+37,28,2
018_input_position_gemm,position,uniform|middle,30,2,27,1,0.900000,0.743786,0.965401,53009.1,650865,27,0
018_input_position_gemm,register,extreme|accumulator,65,13,52,0,0.800000,0.687296,0.879222,0,0,0,52
018_input_position_gemm,register,extreme|temporary,13,0,13,0,1.000000,0.771898,1.000000,0,0,0,13
018_input_position_gemm,register,near_overflow|accumulator,70,21,49,0,0.700000,0.584555,0.794635,6.8471e+34,2.65846e+36,49,49
018_input_position_gemm,register,near_overflow|temporary,13,6,7,0,0.538462,0.291434,0.767942,0,0,7,7
018_input_position_gemm,register,normal|accumulator,72,4,68,0,0.944444,0.865678,0.978186,21.4826,324.026,68,0
018_input_position_gemm,register,normal|temporary,14,1,13,0,0.928571,0.685307,0.987278,25.1538,223.556,13,0
018_input_position_gemm,register,ones|accumulator,67,1,66,0,0.985075,0.920179,0.997360,75.1632,1530,66,0
018_input_position_gemm,register,ones|temporary,18,0,18,0,1.000000,0.824115,1.000000,240.781,4080,18,0
018_input_position_gemm,register,sparse|accumulator,68,6,62,0,0.911765,0.820560,0.958932,2.34252e+18,9.83859e+19,62,0
018_input_position_gemm,register,sparse|temporary,16,5,11,0,0.687500,0.444039,0.858356,3.62825e+18,3.99107e+19,11,0
018_input_position_gemm,register,uniform|accumulator,67,0,67,0,1.000000,0.945772,1.000000,5.01002e+35,3.35671e+37,67,1
018_input_position_gemm,register,uniform|temporary,15,0,15,0,1.000000,0.796111,1.000000,22048.8,330710,15,1
018_input_position_gemm,size,extreme|512x512x512,90,13,65,12,0.722222,0.622046,0.804204,0,0,0,65
018_input_position_gemm,size,near_overflow|512x512x512,90,28,60,2,0.666667,0.564221,0.755466,5.5918e+34,2.65846e+36,60,60
018_input_position_gemm,size,normal|512x512x512,90,6,83,1,0.922222,0.848060,0.961816,24.0251,324.026,83,0
018_input_position_gemm,size,ones|512x512x512,90,1,88,1,0.977778,0.922553,0.993885,3782.71,261120,88,0
018_input_position_gemm,size,sparse|512x512x512,90,13,73,4,0.811111,0.718162,0.878588,2.53626e+18,9.83859e+19,73,0
018_input_position_gemm,size,uniform|512x512x512,90,2,82,6,0.911111,0.834293,0.954270,4.09355e+35,3.35671e+37,82,2
019_register_class_gemm,input,extreme,60,5,53,2,0.883333,0.778210,0.942324,0,0,0,53
019_register_class_gemm,input,near_overflow,60,19,41,0,0.683333,0.557660,0.786943,5.18852e+35,2.12676e+37,41,41
019_register_class_gemm,input,near_zero,60,0,59,1,0.983333,0.911447,0.997052,4.82121e-39,2.35099e-38,59,0
019_register_class_gemm,input,normal,60,3,56,1,0.933333,0.840744,0.973772,209.624,2578.37,56,0
019_register_class_gemm,input,ones,60,15,45,0,0.750000,0.627677,0.842236,5336.18,238080,45,0
019_register_class_gemm,input,sparse,60,11,49,0,0.816667,0.700800,0.894423,0.34813,5.57591,49,0
019_register_class_gemm,input,uniform,60,8,51,1,0.850000,0.738852,0.919027,1.92769,62.5524,51,0
019_register_class_gemm,instruction,extreme|FADD,3,0,3,0,1.000000,0.438494,1.000000,0,0,0,3
019_register_class_gemm,instruction,extreme|FFMA,55,5,50,0,0.909091,0.804223,0.960542,0,0,0,50
019_register_class_gemm,instruction,near_overflow|FFMA,60,19,41,0,0.683333,0.557660,0.786943,5.18852e+35,2.12676e+37,41,41
019_register_class_gemm,instruction,near_zero|FFMA,59,0,59,0,1.000000,0.938869,1.000000,4.82121e-39,2.35099e-38,59,0
019_register_class_gemm,instruction,normal|FFMA,59,3,56,0,0.949153,0.860833,0.982558,209.624,2578.37,56,0
019_register_class_gemm,instruction,ones|FADD,3,1,2,0,0.666667,0.207655,0.938510,120064,238080,2,0
019_register_class_gemm,instruction,ones|FFMA,57,14,43,0,0.754386,0.628975,0.847673,0.00577279,0.015625,43,0
019_register_class_gemm,instruction,sparse|FADD,2,0,2,0,1.000000,0.342372,1.000000,3.88201,5.57591,2,0
019_register_class_gemm,instruction,sparse|FFMA,58,11,47,0,0.810345,0.691474,0.890659,0.197752,3.82964,47,0
019_register_class_gemm,instruction,uniform|FADD,2,1,1,0,0.500000,0.094529,0.905471,62.5524,62.5524,1,0
019_register_class_gemm,instruction,uniform|FFMA,57,7,50,0,0.877193,0.767533,0.939220,0.715195,9.55298,50,0
019_register_class_gemm,position,extreme|D1,12,0,12,0,1.000000,0.757499,1.000000,0,0,0,12
019_register_class_gemm,position,extreme|D3,24,0,23,1,0.958333,0.797578,0.992607,0,0,0,23
019_register_class_gemm,position,extreme|D4,12,0,12,0,1.000000,0.757499,1.000000,0,0,0,12
019_register_class_gemm,position,extreme|D7,12,5,6,1,0.500000,0.253778,0.746222,0,0,0,6
019_register_class_gemm,position,near_overflow|D2,12,6,6,0,0.500000,0.253778,0.746222,0,0,6,6
019_register_class_gemm,position,near_overflow|D3,24,6,18,0,0.750000,0.551002,0.880008,5.634e+30,8.11296e+31,18,18
019_register_class_gemm,position,near_overflow|D5,12,6,6,0,0.500000,0.253778,0.746222,8.65383e+32,5.1923e+33,6,6
019_register_class_gemm,position,near_overflow|D8,12,1,11,0,0.916667,0.646114,0.985135,1.93342e+36,2.12676e+37,11,11
019_register_class_gemm,position,near_zero|D4,24,0,23,1,0.958333,0.797578,0.992607,1.22715e-38,2.35099e-38,23,0
019_register_class_gemm,position,near_zero|D5,12,0,12,0,1.000000,0.757499,1.000000,1.79366e-43,1.79366e-43,12,0
019_register_class_gemm,position,near_zero|D8,12,0,12,0,1.000000,0.757499,1.000000,9.18355e-41,9.18355e-41,12,0
019_register_class_gemm,position,near_zero|D9,12,0,12,0,1.000000,0.757499,1.000000,9.18355e-41,9.18355e-41,12,0
019_register_class_gemm,position,normal|D0,12,0,12,0,1.000000,0.757499,1.000000,977.879,2578.37,12,0
019_register_class_gemm,position,normal|D3,12,1,11,0,0.916667,0.646114,0.985135,4.68167e-06,7.62939e-06,11,0
019_register_class_gemm,position,normal|D4,12,2,10,0,0.833333,0.551964,0.953036,1.71661e-06,3.8147e-06,10,0
019_register_class_gemm,position,normal|D8,12,0,12,0,1.000000,0.757499,1.000000,0.000155131,0.000488281,12,0
019_register_class_gemm,position,normal|D9,12,0,11,1,0.916667,0.646114,0.985135,0.397728,1,11,0
019_register_class_gemm,position,ones|D2,24,12,12,0,0.500000,0.314271,0.685729,19840,238080,12,0
019_register_class_gemm,position,ones|D6,24,3,21,0,0.875000,0.689957,0.956557,97.5241,2048,21,0
019_register_class_gemm,position,ones|D7,12,0,12,0,1.000000,0.757499,1.000000,0.0078125,0.0078125,12,0
019_register_class_gemm,position,sparse|D1,24,10,14,0,0.583333,0.388343,0.755327,0.554576,5.57591,14,0
019_register_class_gemm,position,sparse|D2,12,1,11,0,0.916667,0.646114,0.985135,0.00177002,0.00390625,11,0
019_register_class_gemm,position,sparse|D8,12,0,12,0,1.000000,0.757499,1.000000,0.772897,3.82964,12,0
019_register_class_gemm,position,sparse|D9,12,0,12,0,1.000000,0.757499,1.000000,3.85443e-06,1.52588e-05,12,0
019_register_class_gemm,position,uniform|D0,12,0,12,0,1.000000,0.757499,1.000000,5.21318,62.5524,12,0
019_register_class_gemm,position,uniform|D3,12,7,5,0,0.416667,0.193257,0.680493,9.53674e-07,1.90735e-06,5,0
019_register_class_gemm,position,uniform|D4,12,0,11,1,0.916667,0.646114,0.985135,0.0257457,0.03125,11,0
019_register_class_gemm,position,uniform|D6,24,1,23,0,0.958333,0.797578,0.992607,1.54221,9.55298,23,0
019_register_class_gemm,register,extreme|accumulator,47,5,42,0,0.893617,0.774055,0.953696,0,0,0,42
019_register_class_gemm,register,extreme|temporary,8,0,8,0,1.000000,0.675584,1.000000,0,0,0,8
019_register_class_gemm,register,near_overflow|accumulator,50,17,33,0,0.660000,0.521536,0.775632,6.44634e+35,2.12676e+37,33,33
019_register_class_gemm,register,near_overflow|temporary,10,2,8,0,0.800000,0.490157,0.943319,2.5353e+30,2.02824e+31,8,8
019_register_class_gemm,register,near_zero|accumulator,48,0,48,0,1.000000,0.925897,1.000000,5.42789e-39,2.35099e-38,48,0
019_register_class_gemm,register,near_zero|temporary,11,0,11,0,1.000000,0.741160,1.000000,2.17384e-39,2.35099e-38,11,0
019_register_class_gemm,register,normal|accumulator,48,2,46,0,0.958333,0.860241,0.988498,141.605,2144.48,46,0
019_register_class_gemm,register,normal|temporary,11,1,10,0,0.909091,0.622635,0.983768,522.509,2578.37,10,0
019_register_class_gemm,register,ones|accumulator,51,13,38,0,0.745098,0.611315,0.844544,0.00609067,0.015625,38,0
019_register_class_gemm,register,ones|temporary,6,1,5,0,0.833333,0.436491,0.969947,0.00335693,0.015625,5,0
019_register_class_gemm,register,sparse|accumulator,46,9,37,0,0.804348,0.668285,0.893495,0.223117,3.82964,37,0
019_register_class_gemm,register,sparse|temporary,12,2,10,0,0.833333,0.551964,0.953036,0.103901,0.789172,10,0
019_register_class_gemm,register,uniform|accumulator,46,6,40,0,0.869565,0.743339,0.938822,0.529821,3.99274,40,0
019_register_class_gemm,register,uniform|temporary,11,1,10,0,0.909091,0.622635,0.983768,1.45669,9.55298,10,0
019_register_class_gemm,size,extreme|512x512x512,60,5,53,2,0.883333,0.778210,0.942324,0,0,0,53
019_register_class_gemm,size,near_overflow|512x512x512,60,19,41,0,0.683333,0.557660,0.786943,5.18852e+35,2.12676e+37,41,41
019_register_class_gemm,size,near_zero|512x512x512,60,0,59,1,0.983333,0.911447,0.997052,4.82121e-39,2.35099e-38,59,0
019_register_class_gemm,size,normal|512x512x512,60,3,56,1,0.933333,0.840744,0.973772,209.624,2578.37,56,0
019_register_class_gemm,size,ones|512x512x512,60,15,45,0,0.750000,0.627677,0.842236,5336.18,238080,45,0
019_register_class_gemm,size,sparse|512x512x512,60,11,49,0,0.816667,0.700800,0.894423,0.34813,5.57591,49,0
019_register_class_gemm,size,uniform|512x512x512,60,8,51,1,0.850000,0.738852,0.919027,1.92769,62.5524,51,0
